facility_id,canonical_name,zone_name,facility_type,lat,lng,mrtis_mile,usace_mile,usace_name,port,waterway,owners,operators,commodities,city,county,state,epa_frs_links
MRTIS_0001,Chevron Empire,Chevron Empire,Tank Storage,29.3714103025487,-89.5544584475919,27.0,27.0,"CHEVRON PIPE LINE CO., EMPIRE WHARVES","Plaquemines Port, Harbor and Terminal District, LA","Mississippi River, New Orleans, LA to Mouth of Passes",,Current Operator: CHEVRON PIIPELINE CO. EMPIRE WHARVES Phone: 504-681-5615,Crude Petroleum,BURAS,Plaquemines,LA,0
MRTIS_0002,UBT Davant,United Bulk,Bulk Terminal,29.6168983461027,-89.8920515495492,55.0,55.0,UNITED BULK TERMINAL DEVANT LA,"Plaquemines Port, Harbor and Terminal District, LA","Mississippi River, New Orleans, LA to Mouth of Passes",,"Current Operator: TECO, BULK TERMINAL Phone: 985-333-7222 | Current Operator: UNITED BULK TERMINAL Phone: 985-3337400 FAX: 985-333-7333","Coal,Lignite & Coal Coke | Fertilizers | Sand, Gravel, Stone, Rock, Limestone, Soil, Dredged Material | Iron Ore and Iron & Steel Waste & Scrap",Davant,Plaquemines,LA,0
MRTIS_0003,UBT Davant,United Bulk Terminal,Bulk Terminal,29.6168983461027,-89.8920515495492,55.0,55.0,UNITED BULK TERMINAL DEVANT LA,"Plaquemines Port, Harbor and Terminal District, LA","Mississippi River, New Orleans, LA to Mouth of Passes",,"Current Operator: TECO, BULK TERMINAL Phone: 985-333-7222 | Current Operator: UNITED BULK TERMINAL Phone: 985-3337400 FAX: 985-333-7333","Coal,Lignite & Coal Coke | Fertilizers | Sand, Gravel, Stone, Rock, Limestone, Soil, Dredged Material | Iron Ore and Iron & Steel Waste & Scrap",Davant,Plaquemines,LA,0
MRTIS_0004,IMT Coal,IMT Coal,Bulk Terminal,30.4146144720698,-91.309489967174,57.0,57.0,MILE 57  PORT ALLEN ROUTE,"Port of Greater Baton Rouge, LA","Gulf Intracoastal Waterway, Morgan City-Port Allen Route, LA",,,,PORT ALLEN,West Baton Rouge,LA,9
MRTIS_0005,IMT Coal,IMT Coal Ship Dock,Bulk Terminal,29.6254673471383,-89.9187905571749,57.0,57.0,"CANDIES SHIPBUILDERS, LLC","Terrebonne Parish Port Commission, LA","Gulf Intracoastal Waterway, Mississippi River, LA, to Sabine River, TX",,"Current Operator: CANDIES SHIPBUILDERS, LLC Phone: 985-879-3346","Primary Iron and Steel Products (Ingots,Bars,Rods,etc.) | Primary Non-Ferrous Metal Products;Fabricated Metal Prods.",HOUMA,Terrebonne,LA,0
MRTIS_0006,MGMT,Mrytle Grove Marine Terminal,Mid-Stream,29.6308233480816,-89.9261165593885,57.0,57.0,MYRTLE GROVE MIDSTREAM TERMINAL (MGMT),"Plaquemines Port, Harbor and Terminal District, LA","Mississippi River, New Orleans, LA to Mouth of Passes",,,"Coal,Lignite & Coal Coke | Distillate,Residual & Other Fuel Oils; Lube Oil & Greases | Petroleum Pitches, Coke, Asphalt, Naptha and Solvents | Fertilizers | Other Chemicals and Related Products | Sand, Gravel, Stone, Rock, Limestone, Soil, Dredged Materia",,Plaquemines,LA,0
MRTIS_0007,MGMT,Myrtle Grove Marine,Mid-Stream,29.6308233480816,-89.9261165593885,57.0,57.0,MYRTLE GROVE MIDSTREAM TERMINAL (MGMT),"Plaquemines Port, Harbor and Terminal District, LA","Mississippi River, New Orleans, LA to Mouth of Passes",,,"Coal,Lignite & Coal Coke | Distillate,Residual & Other Fuel Oils; Lube Oil & Greases | Petroleum Pitches, Coke, Asphalt, Naptha and Solvents | Fertilizers | Other Chemicals and Related Products | Sand, Gravel, Stone, Rock, Limestone, Soil, Dredged Materia",,Plaquemines,LA,0
MRTIS_0008,Cenex Harvest States,Cenex Harvest States,Elevator,29.6741723563786,-89.9641725715335,62.0,61.8,"CENEX HARVEST STATES COOPERATIVES, MYRTLE GROVE TERMINAL WHARF","Plaquemines Port, Harbor and Terminal District, LA","Mississippi River, New Orleans, LA to Mouth of Passes",Current Owner and Operator: Cenex Harvest States Cooperatives. Phone: 985/656-2212 x 225 FAX: 985/656-7296,,"Coal,Lignite & Coal Coke | Distillate,Residual & Other Fuel Oils; Lube Oil & Greases | Petroleum Pitches, Coke, Asphalt, Naptha and Solvents | Fertilizers | Other Chemicals and Related Products | Forest Products, Lumber, Logs, Woodchips | Iron Ore and Iro",Myrtle Grove,Plaquemines,LA,0
MRTIS_0009,Phillips 66 Alliance,Phillips 66 Alliance 2,Tank Storage,29.690561359642,-89.9744495750093,63.0,63.0,HARVEST MIDSTREAM BERTH 2,"Plaquemines Port, Harbor and Terminal District, LA","Mississippi River, New Orleans, LA to Mouth of Passes","Current Owner and Operator: Phillips 66 Co., a division of Conoco Phillips, Inc. Phone: 504/656-3229 FAX: 504/656-3327",,"Petroleum and Petroleum Products | Crude Petroleum | Distillate,Residual & Other Fuel Oils; Lube Oil & Greases",Alliance,Plaquemines,LA,0
MRTIS_0010,Phillips 66 Alliance ,Phillips 66 Alliance 1,Tank Storage,29.690561359642,-89.9744495750093,63.0,63.0,HARVEST MIDSTREAM BERTH 2,"Plaquemines Port, Harbor and Terminal District, LA","Mississippi River, New Orleans, LA to Mouth of Passes","Current Owner and Operator: Phillips 66 Co., a division of Conoco Phillips, Inc. Phone: 504/656-3229 FAX: 504/656-3327",,"Petroleum and Petroleum Products | Crude Petroleum | Distillate,Residual & Other Fuel Oils; Lube Oil & Greases",Alliance,Plaquemines,LA,0
MRTIS_0011,Chevron Oak Point,Chevron Oak Point,Tank Storage,29.8091523845185,-90.0077075890201,72.0,72.3,"CHEVRON ORONITE, OAK POINT PLANT WHARF","Plaquemines Port, Harbor and Terminal District, LA","Mississippi River, New Orleans, LA to Mouth of Passes","Current Owner: Hero Lands Co., Inc.","Current Operator: Chevron Oronite, LLC, a subsidiary of ChevronTexaco, Inc. Phone: 504/391-6516 FAX: 504/391-6665","Gasoline, Jet Fuel, Kerosene | Distillate,Residual & Other Fuel Oils; Lube Oil & Greases | Petroleum Pitches, Coke, Asphalt, Naptha and Solvents | Petroleum Products NEC | Other Chemicals and Related Products | Sand, Gravel, Stone, Rock, Limestone, Soil,",Belle Chasse,Plaquemines,LA,0
MRTIS_0012,Cooper Dockside Buoys ,Dockside Buoys Upper,Mid-Stream,29.8011823827408,-90.0088465889936,72.0,72.0,COOPER/CONSOLIDATED MIDSTREAM BUOY,"Plaquemines Port, Harbor and Terminal District, LA","Mississippi River, New Orleans, LA to Mouth of Passes",,,,Belle Chasse,Plaquemines,LA,0
MRTIS_0013,Copper Dockside Buoys ,Dockside Buoys Lower,Mid-Stream,29.8011823827408,-90.0088465889936,72.0,72.0,COOPER/CONSOLIDATED MIDSTREAM BUOY,"Plaquemines Port, Harbor and Terminal District, LA","Mississippi River, New Orleans, LA to Mouth of Passes",,,,Belle Chasse,Plaquemines,LA,0
MRTIS_0014,Stolthaven,Stolthaven 3,Tank Storage,29.8710954000563,-89.9451815746415,80.0,79.0,"STOLTHAVEN NEW ORLEANS, BERTHS NO. 3 & 4","Plaquemines Port, Harbor and Terminal District, LA","Mississippi River, New Orleans, LA to Mouth of Passes",,"Current Operator: STOLTHAVEN NEW ORLEANS, BERTHS NO. 3 & 4","Gasoline, Jet Fuel, Kerosene | Distillate,Residual & Other Fuel Oils; Lube Oil & Greases | Petroleum Pitches, Coke, Asphalt, Naptha and Solvents | Petroleum Products NEC | Fertilizers | Other Chemicals and Related Products | Forest Products, Lumber, Logs,","Braithwaite, LA",Plaquemines,LA,0
MRTIS_0015,Stolthaven,Stolthaven 4,Tank Storage,29.8710954000563,-89.9451815746415,80.0,79.0,"STOLTHAVEN NEW ORLEANS, BERTHS NO. 3 & 4","Plaquemines Port, Harbor and Terminal District, LA","Mississippi River, New Orleans, LA to Mouth of Passes",,"Current Operator: STOLTHAVEN NEW ORLEANS, BERTHS NO. 3 & 4","Gasoline, Jet Fuel, Kerosene | Distillate,Residual & Other Fuel Oils; Lube Oil & Greases | Petroleum Pitches, Coke, Asphalt, Naptha and Solvents | Petroleum Products NEC | Fertilizers | Other Chemicals and Related Products | Forest Products, Lumber, Logs,","Braithwaite, LA",Plaquemines,LA,0
MRTIS_0016,Violet Dock (idle),Violet Dock 2,General Cargo,29.8908424058098,-89.9004335633069,83.0,83.5,VIOLET DOCK PORT INC BERTHING FACILITY,"Port of New Orleans, LA","Mississippi River, New Orleans, LA to Mouth of Passes","Current Owner and Operator: Violet Dock Port, Inc. Phone: 504 682-8528 FAX: 504 682-8633",,"Coal,Lignite & Coal Coke | Distillate,Residual & Other Fuel Oils; Lube Oil & Greases | Petroleum Products NEC | Fertilizers | Other Chemicals and Related Products | Forest Products, Lumber, Logs, Woodchips | Paper & Allied Products | Wheat | Oilseeds (Soy",Violet,St. Bernard,LA,12
MRTIS_0017,Violet Dock (idle),Violet Dock 3,General Cargo,29.8908424058098,-89.9004335633069,83.0,83.5,VIOLET DOCK PORT INC BERTHING FACILITY,"Port of New Orleans, LA","Mississippi River, New Orleans, LA to Mouth of Passes","Current Owner and Operator: Violet Dock Port, Inc. Phone: 504 682-8528 FAX: 504 682-8633",,"Coal,Lignite & Coal Coke | Distillate,Residual & Other Fuel Oils; Lube Oil & Greases | Petroleum Products NEC | Fertilizers | Other Chemicals and Related Products | Forest Products, Lumber, Logs, Woodchips | Paper & Allied Products | Wheat | Oilseeds (Soy",Violet,St. Bernard,LA,12
MRTIS_0018,Violet Dock (idle),Violet Dock 4,General Cargo,29.8908424058098,-89.9004335633069,83.0,83.5,VIOLET DOCK PORT INC BERTHING FACILITY,"Port of New Orleans, LA","Mississippi River, New Orleans, LA to Mouth of Passes","Current Owner and Operator: Violet Dock Port, Inc. Phone: 504 682-8528 FAX: 504 682-8633",,"Coal,Lignite & Coal Coke | Distillate,Residual & Other Fuel Oils; Lube Oil & Greases | Petroleum Products NEC | Fertilizers | Other Chemicals and Related Products | Forest Products, Lumber, Logs, Woodchips | Paper & Allied Products | Wheat | Oilseeds (Soy",Violet,St. Bernard,LA,12
MRTIS_0019,Violet Dock (idle),Violet Dock 5,General Cargo,29.8908424058098,-89.9004335633069,83.0,83.5,VIOLET DOCK PORT INC BERTHING FACILITY,"Port of New Orleans, LA","Mississippi River, New Orleans, LA to Mouth of Passes","Current Owner and Operator: Violet Dock Port, Inc. Phone: 504 682-8528 FAX: 504 682-8633",,"Coal,Lignite & Coal Coke | Distillate,Residual & Other Fuel Oils; Lube Oil & Greases | Petroleum Products NEC | Fertilizers | Other Chemicals and Related Products | Forest Products, Lumber, Logs, Woodchips | Paper & Allied Products | Wheat | Oilseeds (Soy",Violet,St. Bernard,LA,12
MRTIS_0020,Violet Dock (idle),Violet Dock 1,General Cargo,29.8908424058098,-89.9004335633069,84.0,83.5,VIOLET DOCK PORT INC BERTHING FACILITY,"Port of New Orleans, LA","Mississippi River, New Orleans, LA to Mouth of Passes","Current Owner and Operator: Violet Dock Port, Inc. Phone: 504 682-8528 FAX: 504 682-8633",,"Coal,Lignite & Coal Coke | Distillate,Residual & Other Fuel Oils; Lube Oil & Greases | Petroleum Products NEC | Fertilizers | Other Chemicals and Related Products | Forest Products, Lumber, Logs, Woodchips | Paper & Allied Products | Wheat | Oilseeds (Soy",Violet,St. Bernard,LA,12
MRTIS_0021,AST Meraux Buoys ,Meraux Buoys Lower,Mid-Stream,29.92212041167,-89.9304135727926,86.0,86.0,MERAUX ANCHORAGE,"Port of New Orleans, LA","Mississippi River, New Orleans, LA to Mouth of Passes",,,"Coal,Lignite & Coal Coke | Gasoline, Jet Fuel, Kerosene | Distillate,Residual & Other Fuel Oils; Lube Oil & Greases | Petroleum Pitches, Coke, Asphalt, Naptha and Solvents | Fertilizers | Other Chemicals and Related Products | Sand, Gravel, Stone, Rock, L",MERAUX,Orleans,LA,20
MRTIS_0022,AST Meraux Buoys ,Meraux Buoys Upper,Mid-Stream,29.9236334117828,-89.9371365746858,87.0,86.5,MERAUX MIDSTREAM BUOY SYSTEM,"Port of New Orleans, LA","Mississippi River, New Orleans, LA to Mouth of Passes",,,"Coal,Lignite & Coal Coke | Petroleum Pitches, Coke, Asphalt, Naptha and Solvents | Fertilizers | Other Chemicals and Related Products | Sand, Gravel, Stone, Rock, Limestone, Soil, Dredged Material | Non-Ferrous Ores and Scrap | Sulphur (Dry), Clay & Salt",MERAUX,Orleans,LA,23
MRTIS_0023,Valero Meraux,Valero Meraux,Refinery,29.9250034117822,-89.9464045772649,87.0,87.0,"VALERO ENERGY CORP., MERAUX TERMINAL","Port of New Orleans, LA","Mississippi River, New Orleans, LA to Mouth of Passes","Current Owner and Operator: Murphy Oil USA, Inc. Phone: 504 278-5300 FAX: 504 278-5201",,"Coal,Lignite & Coal Coke | Petroleum and Petroleum Products | Crude Petroleum | Gasoline, Jet Fuel, Kerosene | Distillate,Residual & Other Fuel Oils; Lube Oil & Greases | Petroleum Pitches, Coke, Asphalt, Naptha and Solvents | Petroleum Products NEC | Fer",Meraux,St. Bernard,LA,33
MRTIS_0024,PBF Chalmette,PBF Chalmette,Refinery,29.9280654116329,-89.9716755842676,89.0,88.0,PBF ENERGY INC.CHALMETTE,"Port of New Orleans, LA","Mississippi River, New Orleans, LA to Mouth of Passes",,,"Coal,Lignite & Coal Coke | Petroleum and Petroleum Products | Crude Petroleum | Gasoline, Jet Fuel, Kerosene | Distillate,Residual & Other Fuel Oils; Lube Oil & Greases | Petroleum Pitches, Coke, Asphalt, Naptha and Solvents | Petroleum Products NEC | Che",Chalmette,St. Bernard,LA,36
MRTIS_0025,RAIN Gramercy,Chalmette Terminal,Bulk Plant,29.9313264120314,-89.9813375870337,89.0,89.2,"CII CARBON, CHALMETTE COKE DOCK","Port of New Orleans, LA","Mississippi River, New Orleans, LA to Mouth of Passes","Current Owner and Operator: CCI Carbon, LLC, a division of Calciner Industries, Inc. Phone: 504 278-1085 X 127 FAX: 504 278-1084",,"Coal,Lignite & Coal Coke | Distillate,Residual & Other Fuel Oils; Lube Oil & Greases | Petroleum Pitches, Coke, Asphalt, Naptha and Solvents | Fertilizers | Non-Ferrous Ores and Scrap | Slag | Primary Iron and Steel Products (Ingots,Bars,Rods,etc.)",Chalmette,St. Bernard,LA,43
MRTIS_0026,AST Chalmette Buoys,Chalmette Buoys,Mid-Stream,29.9355454127039,-89.9889815892919,90.0,90.0,CHALMETTE BUOYS MILE 89.5,"Port of New Orleans, LA","Mississippi River, New Orleans, LA to Mouth of Passes",,,"Coal,Lignite & Coal Coke | Distillate,Residual & Other Fuel Oils; Lube Oil & Greases | Petroleum Pitches, Coke, Asphalt, Naptha and Solvents | Fertilizers | Other Chemicals and Related Products | Forest Products, Lumber, Logs, Woodchips | Sand, Gravel, St",CHALMETTE,St. Bernard,LA,41
MRTIS_0027,AST Chalmette Slip,Chalmette Slip,General Cargo,29.9425054139809,-89.9963955916045,90.0,90.0,CHALMETTE SLIP DOCK NO 1 AND NO 2,"Port of New Orleans, LA","Mississippi River, New Orleans, LA to Mouth of Passes",,Current Operator: ASSOCIATED TERMINALS  Phone: 504-277-5101,"Coal,Lignite & Coal Coke | Crude Petroleum | Gasoline, Jet Fuel, Kerosene | Distillate,Residual & Other Fuel Oils; Lube Oil & Greases | Petroleum Pitches, Coke, Asphalt, Naptha and Solvents | Fertilizers | Other Chemicals and Related Products | Forest Pro",Chalmette,St. Bernard,LA,36
MRTIS_0028,AST Arabi Dolphins,Arabi Terminal,Mid-Stream,29.9417754135482,-90.0048455938704,91.0,91.0,ARABI MOORING SERVICES,"Port of New Orleans, LA","Mississippi River, New Orleans, LA to Mouth of Passes",,,"Coal,Lignite & Coal Coke | Distillate,Residual & Other Fuel Oils; Lube Oil & Greases | Petroleum Pitches, Coke, Asphalt, Naptha and Solvents | Fertilizers | Other Chemicals and Related Products | Forest Products, Lumber, Logs, Woodchips | Sand, Gravel, St",ARABI,St. Bernard,LA,29
MRTIS_0029,Domino Sugar,Domino Sugar,Bulk Plant,29.9439904141557,-90.0009905929171,91.0,90.9,DOMINO SUGAR CHALMETTE,"Port of New Orleans, LA","Mississippi River, New Orleans, LA to Mouth of Passes","Current Owner and Operator: Tate and Lyle North American Sugars, Inc. Phone: 504-271-5331 FAX: 504 278-5150",,"Coal,Lignite & Coal Coke | Distillate,Residual & Other Fuel Oils; Lube Oil & Greases | Fertilizers | Other Chemicals and Related Products | Non-Ferrous Ores and Scrap | Animal Feed, Grain Mill Products, Flour, Processed Grains | Other Agricultural Product",Arabi,St. Bernard,LA,32
MRTIS_0030,Domino Sugar,Domnio Sugar,Bulk Plant,29.9439904141557,-90.0009905929171,91.0,90.9,DOMINO SUGAR CHALMETTE,"Port of New Orleans, LA","Mississippi River, New Orleans, LA to Mouth of Passes","Current Owner and Operator: Tate and Lyle North American Sugars, Inc. Phone: 504-271-5331 FAX: 504 278-5150",,"Coal,Lignite & Coal Coke | Distillate,Residual & Other Fuel Oils; Lube Oil & Greases | Fertilizers | Other Chemicals and Related Products | Non-Ferrous Ores and Scrap | Animal Feed, Grain Mill Products, Flour, Processed Grains | Other Agricultural Product",Arabi,St. Bernard,LA,32
MRTIS_0031,Alabo St,Alabo St,General Cargo,29.9530674155749,-90.0182305979911,92.0,91.9,ALABO STREET WHARF,"Port of New Orleans, LA","Mississippi River, New Orleans, LA to Mouth of Passes",Current Owner: Board of Commissioners of the Port of New Orleans.,"Current Operator: Pacorini USA, Inc.; and Belle Chasse Marine Transportation, Inc. Phone: 504 270-0100 FAX: 504 270-0125","Units (Ferried Autos, Passengers, Railway Cars) | Coal,Lignite & Coal Coke | Distillate,Residual & Other Fuel Oils; Lube Oil & Greases | Petroleum Pitches, Coke, Asphalt, Naptha and Solvents | Fertilizers | Other Chemicals and Related Products | Sand, Gra",New Orleans,Orleans,LA,12
MRTIS_0032,Julia St,Julia St,General Cargo,29.9422614118222,-90.0613826092551,95.0,95.3,JULIA STREET CRUISE SHIP TERMINAL WHARF,"Port of New Orleans, LA","Mississippi River, New Orleans, LA to Mouth of Passes",Current Owner and Operator: Board of Commissioners of the Port of New Orleans. Phone: 504-528-3297 FAX: 504-524-4156,,"Distillate,Residual & Other Fuel Oils; Lube Oil & Greases",New Orleans,Orleans,LA,0
MRTIS_0033,1st Street,1st Street,General Cargo,29.9219494070464,-90.072227611334,97.0,97.3,FIRST STREET WHARF,"Port of New Orleans, LA","Mississippi River, New Orleans, LA to Mouth of Passes",Current Owner: Board of Commissioners of the Port of New Orleans.,"Current Operator: Empire Stevedoring, Inc. Phone: 504 896-9162 FAX: 504 896-9163","Distillate,Residual & Other Fuel Oils; Lube Oil & Greases | Petroleum Pitches, Coke, Asphalt, Naptha and Solvents | Fertilizers | Other Chemicals and Related Products | Forest Products, Lumber, Logs, Woodchips | Sand, Gravel, Stone, Rock, Limestone, Soil,",New Orleans,Orleans,LA,0
MRTIS_0034,IMTT ,IMTT Gretna,Tank Storage,29.9166754059334,-90.0711156108071,97.0,97.0,INTERNATIONAL-MATEX TANK TERMINALS LTD GRETNA DOCKS,"Port of New Orleans, LA","Mississippi River, New Orleans, LA to Mouth of Passes",Current Owner: BWC TERMINALS,Current Operator: IMTT GRETNA  Phone: 504-468-3997 : 504-468-3997 FAX: 504-468-8886 : 504-468-8886,"Coal,Lignite & Coal Coke | Petroleum and Petroleum Products | Crude Petroleum | Gasoline, Jet Fuel, Kerosene | Distillate,Residual & Other Fuel Oils; Lube Oil & Greases | Petroleum Pitches, Coke, Asphalt, Naptha and Solvents | Petroleum Products NEC | Oth","Harvey, LA",Jefferson,LA,0
MRTIS_0035,7th Street,7th Street,General Cargo,29.9190184061392,-90.0805296134641,98.0,97.8,SEVENTH STREET WHARF,"Port of New Orleans, LA","Mississippi River, New Orleans, LA to Mouth of Passes",Current Owner: Board of Commissioners of the Port of New Orleans.,"Current Operator: Coastal Cargo Co., Inc., a division of The Jackson Kearney Group. Phone: 504 587-1211 FAX: 504 587-1201","Coal,Lignite & Coal Coke | Distillate,Residual & Other Fuel Oils; Lube Oil & Greases | Other Chemicals and Related Products | Forest Products, Lumber, Logs, Woodchips | Sand, Gravel, Stone, Rock, Limestone, Soil, Dredged Material | Iron Ore and Iron & Ste",New Orleans,Orleans,LA,0
MRTIS_0036,Blackwater Harvey,Blackwater Harvey,Tank Storage,29.9146184053268,-90.0760096120487,98.0,97.9,BLACKWATER HARVEY LLC BARGE & SHIP DOCKS,"Port of New Orleans, LA","Mississippi River, New Orleans, LA to Mouth of Passes",Current Owner: Estate of Margaret Whiteman.,Current Operator: BLACKWATER HARVEY LLC BARGE & SHIP DOCKS Phone: 504-460-9552,Other Chemicals and Related Products,Gretna,Jefferson,LA,0
MRTIS_0037,Harmony St,Harmony St,General Cargo,29.9177834057793,-90.0833386141743,98.0,98.1,HARMONY STREET WHARF,"Port of New Orleans, LA","Mississippi River, New Orleans, LA to Mouth of Passes",Current Owner: Board of Commissioners of the Port of New Orleans.,"Current Operator: Coastal Cargo Co., Inc., a division of The Jackson Kearney Group. Phone: 504 587-1211 FAX: 504 587-1201","Coal,Lignite & Coal Coke | Distillate,Residual & Other Fuel Oils; Lube Oil & Greases | Petroleum Pitches, Coke, Asphalt, Naptha and Solvents | Other Chemicals and Related Products | Forest Products, Lumber, Logs, Woodchips | Sand, Gravel, Stone, Rock, Lim",New Orleans,Orleans,LA,0
MRTIS_0038,KMI Harvey,KMI Harvey 3,Tank Storage,29.911116404192,-90.0875056150218,98.0,98.4,"Delta Terminal Services, Harvey Wharf No. 3.","Port of New Orleans, LA","Mississippi River, New Orleans, LA to Mouth of Passes","Current Owner and Operator: Delta Terminal Services, Inc. Phone: 504/371-3240 FAX: 504/348-1893",,Petroleum and Petroleum Products | Chemicals and Related Products | Unknown or Not Elsewhere Classified,Harvey,Jefferson,LA,0
MRTIS_0039,Louisiana Ave,Louisana Ave,General Cargo,29.9144454047374,-90.0930656166737,98.0,98.0,LOUISIANA AVENUE WHARVES A THRU G,"Port of New Orleans, LA","Mississippi River, New Orleans, LA to Mouth of Passes",,,"Coal,Lignite & Coal Coke | Crude Petroleum | Distillate,Residual & Other Fuel Oils; Lube Oil & Greases | Petroleum Pitches, Coke, Asphalt, Naptha and Solvents | Fertilizers | Other Chemicals and Related Products | Forest Products, Lumber, Logs, Woodchips",NEW ORLEANS,Orleans,LA,0
MRTIS_0040,Louisiana Ave,Louisiana Ave,General Cargo,29.9144454047374,-90.0930656166737,98.0,98.0,LOUISIANA AVENUE WHARVES A THRU G,"Port of New Orleans, LA","Mississippi River, New Orleans, LA to Mouth of Passes",,,"Coal,Lignite & Coal Coke | Crude Petroleum | Distillate,Residual & Other Fuel Oils; Lube Oil & Greases | Petroleum Pitches, Coke, Asphalt, Naptha and Solvents | Fertilizers | Other Chemicals and Related Products | Forest Products, Lumber, Logs, Woodchips",NEW ORLEANS,Orleans,LA,0
MRTIS_0041,Buckeye Marrero ,Buckeye Marrero 2,Tank Storage,29.9054114023857,-90.1049236195088,99.0,99.5,Buckeye Partners L.P. Marrero Terminal #1,"Port of New Orleans, LA","Mississippi River, New Orleans, LA to Mouth of Passes","Current Owner and Operator: Williams Energy Partners, LLC. Phone: 504 371-3901 FAX: 504 371-3905",,Petroleum and Petroleum Products | Crude Petroleum,Marrero,Jefferson,LA,0
MRTIS_0042,KMI Harvey,KMI Harvey 1,Tank Storage,29.9080704032803,-90.0951776169756,99.0,99.3,MARLEX TERMINALS HARVEY MOORING PIER,"Port of New Orleans, LA","Mississippi River, New Orleans, LA to Mouth of Passes","Current Owner and Operator: Diversified Group, Inc. Phone: 504/733-2800 FAX: 504/733-2884",,"Distillate,Residual & Other Fuel Oils; Lube Oil & Greases",New Orleans,Jefferson,LA,0
MRTIS_0043,KMI Harvey,KMI Harvey 2,Tank Storage,29.9080704032803,-90.0951776169756,99.0,99.3,MARLEX TERMINALS HARVEY MOORING PIER,"Port of New Orleans, LA","Mississippi River, New Orleans, LA to Mouth of Passes","Current Owner and Operator: Diversified Group, Inc. Phone: 504/733-2800 FAX: 504/733-2884",,"Distillate,Residual & Other Fuel Oils; Lube Oil & Greases",New Orleans,Jefferson,LA,0
MRTIS_0044,KMI Harvey,KMI Harvey 4,Tank Storage,29.9080704032803,-90.0951776169756,99.0,99.3,MARLEX TERMINALS HARVEY MOORING PIER,"Port of New Orleans, LA","Mississippi River, New Orleans, LA to Mouth of Passes","Current Owner and Operator: Diversified Group, Inc. Phone: 504/733-2800 FAX: 504/733-2884",,"Distillate,Residual & Other Fuel Oils; Lube Oil & Greases",New Orleans,Jefferson,LA,0
MRTIS_0045,Magellan Marrero ,Magellan Marrero 1,Tank Storage,29.9135484043621,-90.0986226181446,99.0,99.1,MILAN STREET WHARF,"Port of New Orleans, LA","Mississippi River, New Orleans, LA to Mouth of Passes",Current Owner: Board of Commissioners of the Port of New Orleans.,Current Operator: Stevedoring Services of America. Phone: 504 269-2323 FAX: 504 269-3402,"Coal,Lignite & Coal Coke | Distillate,Residual & Other Fuel Oils; Lube Oil & Greases | Petroleum Pitches, Coke, Asphalt, Naptha and Solvents | Fertilizers | Other Chemicals and Related Products | Forest Products, Lumber, Logs, Woodchips | Iron Ore and Iro",New Orleans,Orleans,LA,0
MRTIS_0046,Magellan Marrero ,Magellan Marrero 2,Tank Storage,29.9135484043621,-90.0986226181446,99.0,99.1,MILAN STREET WHARF,"Port of New Orleans, LA","Mississippi River, New Orleans, LA to Mouth of Passes",Current Owner: Board of Commissioners of the Port of New Orleans.,Current Operator: Stevedoring Services of America. Phone: 504 269-2323 FAX: 504 269-3402,"Coal,Lignite & Coal Coke | Distillate,Residual & Other Fuel Oils; Lube Oil & Greases | Petroleum Pitches, Coke, Asphalt, Naptha and Solvents | Fertilizers | Other Chemicals and Related Products | Forest Products, Lumber, Logs, Woodchips | Iron Ore and Iro",New Orleans,Orleans,LA,0
MRTIS_0047,Marlex,Marlex,General Cargo,29.9080704032803,-90.0951776169756,99.0,99.3,MARLEX TERMINALS HARVEY MOORING PIER,"Port of New Orleans, LA","Mississippi River, New Orleans, LA to Mouth of Passes","Current Owner and Operator: Diversified Group, Inc. Phone: 504/733-2800 FAX: 504/733-2884",,"Distillate,Residual & Other Fuel Oils; Lube Oil & Greases",New Orleans,Jefferson,LA,0
MRTIS_0048,Napoleon Ave,Napolean Ave,General Cargo,29.9121624038263,-90.105849620048,100.0,99.5,"Board of Commissioners of the Port of New Orleans, Napoleon Avenue Container-Terminal Wharf.","Port of New Orleans, LA","Mississippi River, New Orleans, LA to Mouth of Passes",Current Owner: Board of Commissioners of the Port of New Orleans. Phone: 504-524-3297 FAX: 504-524-4156,,,New Orleans,Orleans,LA,0
MRTIS_0049,Napoleon Ave,Napoleon Ave,General Cargo,29.9121624038263,-90.105849620048,100.0,99.5,"Board of Commissioners of the Port of New Orleans, Napoleon Avenue Container-Terminal Wharf.","Port of New Orleans, LA","Mississippi River, New Orleans, LA to Mouth of Passes",Current Owner: Board of Commissioners of the Port of New Orleans. Phone: 504-524-3297 FAX: 504-524-4156,,,New Orleans,Orleans,LA,0
MRTIS_0050,Nashville Ave,Nashville Ave B C,General Cargo,29.912785403369,-90.1241756250503,100.0,100.0,"NASHVILLE AVENUE WHARVES A, B AND C","Port of New Orleans, LA","Mississippi River, New Orleans, LA to Mouth of Passes",,,"Coal,Lignite & Coal Coke | Gasoline, Jet Fuel, Kerosene | Distillate,Residual & Other Fuel Oils; Lube Oil & Greases | Petroleum Pitches, Coke, Asphalt, Naptha and Solvents | Petroleum Products NEC | Fertilizers | Other Chemicals and Related Products | For",NEW ORLEANS,Orleans,LA,0
MRTIS_0051,Blackwater Westwego,Blackwater Westwego,Tank Storage,29.9125764028486,-90.1388466290242,101.0,101.4,"BLACKWATER NEW ORLEANS, LLC","Port of New Orleans, LA","Mississippi River, New Orleans, LA to Mouth of Passes","Current Owner: Blackwater Midstream Corporation | Current Owner and Operator: ST Services, LLC. Phone: 504 340-3000 FAX: 504 340-9406",,"Crude Petroleum | Gasoline, Jet Fuel, Kerosene | Distillate,Residual & Other Fuel Oils; Lube Oil & Greases | Petroleum Pitches, Coke, Asphalt, Naptha and Solvents | Petroleum Products NEC | Chemicals and Related Products | Other Chemicals and Related Prod",Westwego,Jefferson,LA,0
MRTIS_0052,Henry Clay Ave,Henry Clay Ave,General Cargo,29.914979403649,-90.1302826268019,101.0,101.1,HENRY CLAY AVENUE WHARF,"Port of New Orleans, LA","Mississippi River, New Orleans, LA to Mouth of Passes",Current Owner: Board of Commissioners of the Port of New Orleans.,"Current Operator: P&O Ports Louisiana, Inc. Phone: 504 894-6511 FAX: 504 894-6316","Other Chemicals and Related Products | Forest Products, Lumber, Logs, Woodchips | Sulphur (Dry), Clay & Salt | Other Non-Metal. Min. | Primary Iron and Steel Products (Ingots,Bars,Rods,etc.) | Primary Non-Ferrous Metal Products;Fabricated Metal Prods. | P",New Orleans,Orleans,LA,0
MRTIS_0053,Nashville Ave,Nashville Ave A,General Cargo,29.9133434034997,-90.1238896249965,101.0,100.8,"P&O Ports Louisiana, Nashville Avenue Wharf A.","Port of New Orleans, LA","Mississippi River, New Orleans, LA to Mouth of Passes",Current Owner: Board of Commissioners of the Port of New Orleans.,"Current Operator: P&O Ports Louisiana, Inc. Phone: 504 894-6511 FAX: 504 894-6316",Unknown or Not Elsewhere Classified,New Orleans,Orleans,LA,0
MRTIS_0054,KMI Seven Oaks,KMI Seven Oaks,Tank Storage,29.9289634062613,-90.1436206310196,102.0,102.4,KINDER MORGAN LLC SEVEN OAKS,"Port of New Orleans, LA","Mississippi River, New Orleans, LA to Mouth of Passes",,Current Operator: KINDER MORGAN LLC SEVEN OAKS Phone: 504-436-0082,"Petroleum and Petroleum Products | Gasoline, Jet Fuel, Kerosene | Distillate,Residual & Other Fuel Oils; Lube Oil & Greases | Petroleum Pitches, Coke, Asphalt, Naptha and Solvents | Petroleum Products NEC | Other Chemicals and Related Products | Sand, Gra",Westwego,Jefferson,LA,0
MRTIS_0055,Cargill Westwego ,Cargill Westwego Lower,Elevator,29.9383354083641,-90.1416756308922,103.0,103.0,CARGILL INC  WESTWEGO ELEVATOR WHARF,"Port of New Orleans, LA","Mississippi River, New Orleans, LA to Mouth of Passes",,,"Coal,Lignite & Coal Coke | Distillate,Residual & Other Fuel Oils; Lube Oil & Greases | Petroleum Products NEC | Fertilizers | Other Chemicals and Related Products | Forest Products, Lumber, Logs, Woodchips | Pulp and Waste Paper | Sand, Gravel, Stone, Roc",WESTWEGO,Jefferson,LA,0
MRTIS_0056,Cargill Westwego ,Cargill Westwego Upper,Elevator,29.9383354083641,-90.1416756308922,103.0,103.0,CARGILL INC  WESTWEGO ELEVATOR WHARF,"Port of New Orleans, LA","Mississippi River, New Orleans, LA to Mouth of Passes",,,"Coal,Lignite & Coal Coke | Distillate,Residual & Other Fuel Oils; Lube Oil & Greases | Petroleum Products NEC | Fertilizers | Other Chemicals and Related Products | Forest Products, Lumber, Logs, Woodchips | Pulp and Waste Paper | Sand, Gravel, Stone, Roc",WESTWEGO,Jefferson,LA,0
MRTIS_0057,Vulcan Westwego,Vulcan Westwego,Bulk Plant,29.9383354083641,-90.1416756308922,103.0,103.0,CARGILL INC  WESTWEGO ELEVATOR WHARF,"Port of New Orleans, LA","Mississippi River, New Orleans, LA to Mouth of Passes",,,"Coal,Lignite & Coal Coke | Distillate,Residual & Other Fuel Oils; Lube Oil & Greases | Petroleum Products NEC | Fertilizers | Other Chemicals and Related Products | Forest Products, Lumber, Logs, Woodchips | Pulp and Waste Paper | Sand, Gravel, Stone, Roc",WESTWEGO,Jefferson,LA,0
MRTIS_0058,Zito HPL Buoys,Zito HPL Buoys,Mid-Stream,29.940241407588,-90.1783736409339,106.0,106.0,AMERICAN COMMERCIAL BARGE LINES DOCK,"Port of New Orleans, LA","Mississippi River, New Orleans, LA to Mouth of Passes",,,,,Jefferson,LA,0
MRTIS_0059,AGG,Avondale,General Cargo,29.9317954057733,-90.1776766403835,107.0,106.9,"HOST AVONDALE MARINE TERMINALS, MAIN PLANT WET DOCK NO. 4","Port of New Orleans, LA","Mississippi River, Baton Rouge, LA to New Orleans, LA","Current Owner and Operator: Litton/Avondale Industries, Inc. Phone: 504 436-5165 FAX: 504-436-5204",,,Bridge City,Jefferson,LA,0
MRTIS_0060,IMTT ,IMTT Avondale,Tank Storage,29.9290654047195,-90.1918556441141,108.0,108.0,SHIPSIDE  AVONDALE,"Port of New Orleans, LA","Mississippi River, Baton Rouge, LA to New Orleans, LA",,,,NEW ORLEANS,Jefferson,LA,0
MRTIS_0061,ARTCO 110-111 Buoys,ADM 110 Buoys,Mid-Stream,29.9288944037421,-90.2208386519692,110.0,110.0,MILE 110  GIWW,"West St. Mary Parish Port, Harbor and Terminal District, LA","Gulf Intracoastal Waterway, Mississippi River, LA, to Sabine River, TX",,,,FRANKLIN,St. Mary,LA,0
MRTIS_0062,ARTCO 110-111 Buoys,ADM 110-2 Buoys,Mid-Stream,29.9288944037421,-90.2208386519692,110.0,110.0,MILE 110  GIWW,"West St. Mary Parish Port, Harbor and Terminal District, LA","Gulf Intracoastal Waterway, Mississippi River, LA, to Sabine River, TX",,,,FRANKLIN,St. Mary,LA,0
MRTIS_0063,ARTCO 110-111 Buoys,ADM 110-3 Buoys,Mid-Stream,29.9288944037421,-90.2208386519692,110.0,110.0,MILE 110  GIWW,"West St. Mary Parish Port, Harbor and Terminal District, LA","Gulf Intracoastal Waterway, Mississippi River, LA, to Sabine River, TX",,,,FRANKLIN,St. Mary,LA,0
MRTIS_0064,ARTCO 110-111 Buoys,ADM 110-4 Buoys,Mid-Stream,29.9288944037421,-90.2208386519692,110.0,110.0,MILE 110  GIWW,"West St. Mary Parish Port, Harbor and Terminal District, LA","Gulf Intracoastal Waterway, Mississippi River, LA, to Sabine River, TX",,,,FRANKLIN,St. Mary,LA,0
MRTIS_0065,ARTCO 110-111 Buoys,ADM 111 Buoys,Mid-Stream,29.9499014081291,-90.2263946543755,110.0,111.0,WAGGAMAN BUOYS MILE 111,"Port of New Orleans, LA","Mississippi River, Baton Rouge, LA to New Orleans, LA",,,"Coal,Lignite & Coal Coke | Distillate,Residual & Other Fuel Oils; Lube Oil & Greases | Petroleum Pitches, Coke, Asphalt, Naptha and Solvents | Other Chemicals and Related Products | Sand, Gravel, Stone, Rock, Limestone, Soil, Dredged Material | Iron Ore a",WESTWEGO,Jefferson,LA,0
MRTIS_0066,ARTCO 110-111 Buoys,ADM 110-1 Buoys,Mid-Stream,29.9466084073665,-90.2278356546252,111.0,111.0,MILE 111  GIWW,"West St. Mary Parish Port, Harbor and Terminal District, LA","Gulf Intracoastal Waterway, Mississippi River, LA, to Sabine River, TX",,,,FRANKLIN,St. Mary,LA,0
MRTIS_0067,Waggaman Buoys,Waggaman Buoys,Mid-Stream,29.9499014081291,-90.2263946543755,111.0,111.0,WAGGAMAN BUOYS MILE 111,"Port of New Orleans, LA","Mississippi River, Baton Rouge, LA to New Orleans, LA",,,"Coal,Lignite & Coal Coke | Distillate,Residual & Other Fuel Oils; Lube Oil & Greases | Petroleum Pitches, Coke, Asphalt, Naptha and Solvents | Other Chemicals and Related Products | Sand, Gravel, Stone, Rock, Limestone, Soil, Dredged Material | Iron Ore a",WESTWEGO,Jefferson,LA,0
MRTIS_0068,Cornerstone Chemical,Corner Stone,Chemical Plant,29.9706054115447,-90.2596996642959,114.0,114.0,MILE 114  UPPER MISS RIVER,"Kaskaskia Regional Port District, IL","Mississippi River, Mouth of Missouri River to Mouth of Ohio River",,,"Sand, Gravel, Stone, Rock, Limestone, Soil, Dredged Material",CHESTER,Randolph,IL,18
MRTIS_0069,Cornerstone Chemical,Cornerstone,Chemical Plant,29.9706054115447,-90.2596996642959,114.0,114.0,MIDSTREAM UNLOADING,"Port of New Orleans, LA","Mississippi River, Baton Rouge, LA to New Orleans, LA",,,Crude Petroleum,KENNER,Jefferson,LA,18
MRTIS_0070,Vulcan St Rose,Vulcan St Rose,Mid-Stream,29.9650174091815,-90.2950056736275,116.0,116.0,VULCAN MATERIALS ST. ROSE YARD,"Port of South Louisiana, LA","Mississippi River, Baton Rouge, LA to New Orleans, LA",,Current Operator: VULCAN MATERIALS Phone: 504-472-5549 FAX: 504-472-5557,"Sand, Gravel, Stone, Rock, Limestone, Soil, Dredged Material",St. Rose,St. Charles,LA,43
MRTIS_0071,ADM AMA,ADM AMA,Elevator,29.9405754033441,-90.3112616769847,117.0,117.6,"ADM/GROWMARK, AMA GRAIN ELEVATOR DOCK","Port of South Louisiana, LA","Mississippi River, Baton Rouge, LA to New Orleans, LA",Current Owner: Archer Daniels Midland Co.,"Current Operator: ADM/GROWMARK, Subsidiary of Archer Daniels Midland Co. Phone: 504/431-8245 FAX: 504/431-7275","Coal,Lignite & Coal Coke | Crude Petroleum | Gasoline, Jet Fuel, Kerosene | Distillate,Residual & Other Fuel Oils; Lube Oil & Greases | Petroleum Pitches, Coke, Asphalt, Naptha and Solvents | Fertilizers | Other Chemicals and Related Products | Forest Pro",Ama,St. Charles,LA,18
MRTIS_0072,IMTT ,IMTT St Rose 14,Tank Storage,29.9419284035453,-90.3141126778153,118.0,118.0,MIDSTREAM  ST ROSE,"Port of South Louisiana, LA","Mississippi River, Baton Rouge, LA to New Orleans, LA",,,"Distillate,Residual & Other Fuel Oils; Lube Oil & Greases",SAINT ROSE,St. Charles,LA,19
MRTIS_0073,IMTT ,IMTT St Rose 8,Tank Storage,29.9419284035453,-90.3141126778153,118.0,118.0,MIDSTREAM  ST ROSE,"Port of South Louisiana, LA","Mississippi River, Baton Rouge, LA to New Orleans, LA",,,"Distillate,Residual & Other Fuel Oils; Lube Oil & Greases",SAINT ROSE,St. Charles,LA,19
MRTIS_0074,IMTT ,IMTT St Rose 2,Tank Storage,29.9419284035453,-90.3141126778153,119.0,118.0,MIDSTREAM  ST ROSE,"Port of South Louisiana, LA","Mississippi River, Baton Rouge, LA to New Orleans, LA",,,"Distillate,Residual & Other Fuel Oils; Lube Oil & Greases",SAINT ROSE,St. Charles,LA,19
MRTIS_0075,IMTT ,IMTT St Rose 4,Tank Storage,29.9419284035453,-90.3141126778153,119.0,118.0,MIDSTREAM  ST ROSE,"Port of South Louisiana, LA","Mississippi River, Baton Rouge, LA to New Orleans, LA",,,"Distillate,Residual & Other Fuel Oils; Lube Oil & Greases",SAINT ROSE,St. Charles,LA,19
MRTIS_0076,ADM Destrehan,ADM Destrehan,Elevator,29.940898401933,-90.3568146893406,120.0,120.5,"ADM/GROWMARK, DESTREHAN ELEVATOR WHARF","Port of South Louisiana, LA","Mississippi River, Baton Rouge, LA to New Orleans, LA","Current Owner and Operator: ADM/Growmark, a subsidiary of Archer Daniels Midland Co. Phone: 985/764-7586 FAX: 985-76461888",,"Units (Ferried Autos, Passengers, Railway Cars) | Coal,Lignite & Coal Coke | Distillate,Residual & Other Fuel Oils; Lube Oil & Greases | Petroleum Pitches, Coke, Asphalt, Naptha and Solvents | Fertilizers | Other Chemicals and Related Products | Forest Pr",Destrehan,St. Charles,LA,50
MRTIS_0077,Bunge Destrehan,Bunge Destrehan,Elevator,29.9380654016024,-90.3480656868491,120.0,120.0,"BUNGE NORTH AMERICA, DESTREHAN ELEVATOR WHARF","Port of South Louisiana, LA","Mississippi River, Baton Rouge, LA to New Orleans, LA","Current Owner and Operator: BUNGE NORTH AMERICA, DESTREHAN ELEVATOR WHARF  Phone: 985-725-8220",,"Gasoline, Jet Fuel, Kerosene | Distillate,Residual & Other Fuel Oils; Lube Oil & Greases | Petroleum Pitches, Coke, Asphalt, Naptha and Solvents | Fertilizers | Other Chemicals and Related Products | Sand, Gravel, Stone, Rock, Limestone, Soil, Dredged Mat",Destrehan,St. Charles,LA,45
MRTIS_0078,ADM Destrehan Buoys,ADM Destrehan Buoys Lower,Mid-Stream,29.940898401933,-90.3568146893406,121.0,120.5,"ADM/GROWMARK, DESTREHAN ELEVATOR WHARF","Port of South Louisiana, LA","Mississippi River, Baton Rouge, LA to New Orleans, LA","Current Owner and Operator: ADM/Growmark, a subsidiary of Archer Daniels Midland Co. Phone: 985/764-7586 FAX: 985-76461888",,"Units (Ferried Autos, Passengers, Railway Cars) | Coal,Lignite & Coal Coke | Distillate,Residual & Other Fuel Oils; Lube Oil & Greases | Petroleum Pitches, Coke, Asphalt, Naptha and Solvents | Fertilizers | Other Chemicals and Related Products | Forest Pr",Destrehan,St. Charles,LA,50
MRTIS_0079,ADM Destrehan Buoys,ADM Destrehan Buoys Upper,Mid-Stream,29.940898401933,-90.3568146893406,121.0,120.5,"ADM/GROWMARK, DESTREHAN ELEVATOR WHARF","Port of South Louisiana, LA","Mississippi River, Baton Rouge, LA to New Orleans, LA","Current Owner and Operator: ADM/Growmark, a subsidiary of Archer Daniels Midland Co. Phone: 985/764-7586 FAX: 985-76461888",,"Units (Ferried Autos, Passengers, Railway Cars) | Coal,Lignite & Coal Coke | Distillate,Residual & Other Fuel Oils; Lube Oil & Greases | Petroleum Pitches, Coke, Asphalt, Naptha and Solvents | Fertilizers | Other Chemicals and Related Products | Forest Pr",Destrehan,St. Charles,LA,50
MRTIS_0080,Valero St Charles,Valero St Charles 2,Refinery,29.9836634099187,-90.3964897019241,125.0,125.0,"Valero Refining Corp., St. Charles Refinery Wharf, Berth No. 4","Port of South Louisiana, LA","Mississippi River, Baton Rouge, LA to New Orleans, LA",Current Owner and Operator: Orion Refining Corp. Phone: 985/764-4585 FAX: 985/764-3355,,Petroleum and Petroleum Products | Crude Petroleum,Norco,St. Charles,LA,32
MRTIS_0081,Valero St Charles,Valero St Charles 3,Refinery,29.9836634099187,-90.3964897019241,125.0,125.0,"Valero Refining Corp., St. Charles Refinery Wharf, Berth No. 4","Port of South Louisiana, LA","Mississippi River, Baton Rouge, LA to New Orleans, LA",Current Owner and Operator: Orion Refining Corp. Phone: 985/764-4585 FAX: 985/764-3355,,Petroleum and Petroleum Products | Crude Petroleum,Norco,St. Charles,LA,32
MRTIS_0082,Valero St Charles,Valero St Charles 4,Refinery,29.9836634099187,-90.3964897019241,125.0,125.0,"Valero Refining Corp., St. Charles Refinery Wharf, Berth No. 4","Port of South Louisiana, LA","Mississippi River, Baton Rouge, LA to New Orleans, LA",Current Owner and Operator: Orion Refining Corp. Phone: 985/764-4585 FAX: 985/764-3355,,Petroleum and Petroleum Products | Crude Petroleum,Norco,St. Charles,LA,32
MRTIS_0083,Valero St Charles,Valero St Charles 5,Refinery,29.9836634099187,-90.3964897019241,125.0,125.0,"Valero Refining Corp., St. Charles Refinery Wharf, Berth No. 4","Port of South Louisiana, LA","Mississippi River, Baton Rouge, LA to New Orleans, LA",Current Owner and Operator: Orion Refining Corp. Phone: 985/764-4585 FAX: 985/764-3355,,Petroleum and Petroleum Products | Crude Petroleum,Norco,St. Charles,LA,32
MRTIS_0084,Shell Norco ,Shell Norco 1,Refinery,29.9905654111371,-90.4050057045275,126.0,126.0,SHELL NORCO,"Port of South Louisiana, LA","Mississippi River, Baton Rouge, LA to New Orleans, LA",,"Current Operator: MOTIVA ENTERPRISES, NORCO REFINING DOCKS  Phone: 504-467-2650  | Current Operator: NORCO REFINING CO  Phone: 504-465-7810","Petroleum and Petroleum Products | Crude Petroleum | Gasoline, Jet Fuel, Kerosene | Distillate,Residual & Other Fuel Oils; Lube Oil & Greases | Petroleum Pitches, Coke, Asphalt, Naptha and Solvents | Petroleum Products NEC | Other Chemicals and Related Pr",Kenner,St. Charles,LA,45
MRTIS_0085,Shell Norco ,Shell Norco 2,Refinery,29.9905654111371,-90.4050057045275,126.0,126.0,SHELL NORCO,"Port of South Louisiana, LA","Mississippi River, Baton Rouge, LA to New Orleans, LA",,"Current Operator: MOTIVA ENTERPRISES, NORCO REFINING DOCKS  Phone: 504-467-2650  | Current Operator: NORCO REFINING CO  Phone: 504-465-7810","Petroleum and Petroleum Products | Crude Petroleum | Gasoline, Jet Fuel, Kerosene | Distillate,Residual & Other Fuel Oils; Lube Oil & Greases | Petroleum Pitches, Coke, Asphalt, Naptha and Solvents | Petroleum Products NEC | Other Chemicals and Related Pr",Kenner,St. Charles,LA,45
MRTIS_0086,Shell Norco ,Shell Norco 4,Refinery,29.9905654111371,-90.4050057045275,126.0,126.0,SHELL NORCO,"Port of South Louisiana, LA","Mississippi River, Baton Rouge, LA to New Orleans, LA",,"Current Operator: MOTIVA ENTERPRISES, NORCO REFINING DOCKS  Phone: 504-467-2650  | Current Operator: NORCO REFINING CO  Phone: 504-465-7810","Petroleum and Petroleum Products | Crude Petroleum | Gasoline, Jet Fuel, Kerosene | Distillate,Residual & Other Fuel Oils; Lube Oil & Greases | Petroleum Pitches, Coke, Asphalt, Naptha and Solvents | Petroleum Products NEC | Other Chemicals and Related Pr",Kenner,St. Charles,LA,45
MRTIS_0087,Dow Taft,Dow Taft,Chemical Plant,29.9922434101612,-90.4459987156973,128.0,128.1,DOW CHEMICAL TAFT PLANT DOCK 1,"Port of South Louisiana, LA","Mississippi River, Baton Rouge, LA to New Orleans, LA","Current Owner and Operator: Union Carbide Corp., a subsidiary of Dow Chemical Co. Phone: 985/783-4969 FAX: 985/783-4980",,"Petroleum and Petroleum Products | Distillate,Residual & Other Fuel Oils; Lube Oil & Greases | Petroleum Pitches, Coke, Asphalt, Naptha and Solvents | Chemicals and Related Products",Taft,St. Charles,LA,36
MRTIS_0088,Occidental Taft,Occidental Taft,Chemical Plant,29.9943414101543,-90.4601127196077,129.0,128.9,TAFT OCCIDENTAL CHEMICAL UPPER DOCK,"Port of South Louisiana, LA","Mississippi River, Baton Rouge, LA to New Orleans, LA",Current Owner: Occidental Chemical Corp.,"Current Operator: Occidental Chemical Corp. and Koch Industries, Inc. Phone: 985/783-7377 / 985/783-7200  FAX: 985/783-3094","Distillate,Residual & Other Fuel Oils; Lube Oil & Greases | Other Chemicals and Related Products | Vegetable Products | All Manufactured Equipment, Machinery and Products",Hahnville,St. Charles,LA,30
MRTIS_0089,Laplace Buoys,133 Buoys,Mid-Stream,30.0452354206213,-90.4769857263757,134.0,133.0,CGB MARINE BUOYS MILES 132 AND 133,"Port of South Louisiana, LA","Mississippi River, Baton Rouge, LA to New Orleans, LA",,Current Operator: CGB MARINE BUOYS M-132  Phone: 985/652-7285,"Coal,Lignite & Coal Coke | Distillate,Residual & Other Fuel Oils; Lube Oil & Greases | Petroleum Pitches, Coke, Asphalt, Naptha and Solvents | Fertilizers | Other Chemicals and Related Products | Pulp and Waste Paper | Sand, Gravel, Stone, Rock, Limestone",LaPlace,St. John the Baptist,LA,21
MRTIS_0090,Laplace Buoys,134 Buoys,Mid-Stream,30.0452354206213,-90.4769857263757,134.0,133.0,LAPLACE ANCHORAGE,"Port of South Louisiana, LA","Mississippi River, Baton Rouge, LA to New Orleans, LA",,,"Coal,Lignite & Coal Coke | Crude Petroleum | Gasoline, Jet Fuel, Kerosene | Distillate,Residual & Other Fuel Oils; Lube Oil & Greases | Petroleum Pitches, Coke, Asphalt, Naptha and Solvents | Fertilizers | Other Chemicals and Related Products | Iron Ore a",LA PLACE,St. John the Baptist,LA,21
MRTIS_0091,Reserve Buoys,136 Buoys,Mid-Stream,30.0521004196906,-90.5505167465643,137.0,137.6,RESERVE FERRY LANDING,"Port of South Louisiana, LA","Mississippi River, Baton Rouge, LA to New Orleans, LA",Current Owner: State of Louisiana.,"Current Operator: State of Louisiana, Department of Transportation and Development. Phone: 225/379-1533 FAX: 225/379-1853","Units (Ferried Autos, Passengers, Railway Cars) | Iron Ore and Iron & Steel Waste & Scrap | Building Cement & Concrete; Lime; Glass | Corn",Reserve,St. John the Baptist,LA,32
MRTIS_0092,Reserve Buoys,136.7 Buoys,Mid-Stream,30.0521004196906,-90.5505167465643,137.0,137.6,RESERVE FERRY LANDING,"Port of South Louisiana, LA","Mississippi River, Baton Rouge, LA to New Orleans, LA",Current Owner: State of Louisiana.,"Current Operator: State of Louisiana, Department of Transportation and Development. Phone: 225/379-1533 FAX: 225/379-1853","Units (Ferried Autos, Passengers, Railway Cars) | Iron Ore and Iron & Steel Waste & Scrap | Building Cement & Concrete; Lime; Glass | Corn",Reserve,St. John the Baptist,LA,32
MRTIS_0093,AST Globalplex,Globalplex,General Cargo,30.0541754195167,-90.5694457517726,138.0,138.0,"PORT OF SOUTH LOUISIANA, GLOBALPLEX INTERMODAL TERMINAL WHARVES","Port of South Louisiana, LA","Mississippi River, Baton Rouge, LA to New Orleans, LA","Current Owner and Operator: PORT OF SOUTH LOUISIANA, GLOBALPLEX INTERMODAL TERMINAL WHARVES  Phone: 985/536-4520  : 985/536-8300","Current Operator: Associated Terminals - Triangle Anchorage Services Mile 136,137,138","Coal,Lignite & Coal Coke | Gasoline, Jet Fuel, Kerosene | Distillate,Residual & Other Fuel Oils; Lube Oil & Greases | Petroleum Pitches, Coke, Asphalt, Naptha and Solvents | Fertilizers | Other Chemicals and Related Products | Forest Products, Lumber, Log",Reserve,St. John the Baptist,LA,43
MRTIS_0094,Reserve Buoys,137.5 Buoys,Mid-Stream,30.0521004196906,-90.5505167465643,138.0,137.6,RESERVE FERRY LANDING,"Port of South Louisiana, LA","Mississippi River, Baton Rouge, LA to New Orleans, LA",Current Owner: State of Louisiana.,"Current Operator: State of Louisiana, Department of Transportation and Development. Phone: 225/379-1533 FAX: 225/379-1853","Units (Ferried Autos, Passengers, Railway Cars) | Iron Ore and Iron & Steel Waste & Scrap | Building Cement & Concrete; Lime; Glass | Corn",Reserve,St. John the Baptist,LA,32
MRTIS_0095,ADM Reserve,ADM Reserve,Elevator,30.0549994194162,-90.577918754099,139.0,139.2,"ADM/GROWMARK, RESERVE ELEVATOR WHARF","Port of South Louisiana, LA","Mississippi River, Baton Rouge, LA to New Orleans, LA",Current Owner: Port of South Louisiana.,"Current Operator: ADM/Growmark, a subsidiary of Archer Daniels Midland Co. Phone: 985/536-1151 FAX: 985/536-1152","Coal,Lignite & Coal Coke | Distillate,Residual & Other Fuel Oils; Lube Oil & Greases | Petroleum Pitches, Coke, Asphalt, Naptha and Solvents | Fertilizers | Other Chemicals and Related Products | Pulp and Waste Paper | Iron Ore and Iron & Steel Waste & Sc",Reserve,St. John the Baptist,LA,46
MRTIS_0096,Cargill Reserve ,Cargill Reserve Lower,Elevator,30.0525054185345,-90.5883357568065,139.0,139.0,CARGILL INC ELEVATOR WHARFS,"Port of South Louisiana, LA","Mississippi River, Baton Rouge, LA to New Orleans, LA",Current Owner and Operator: CARGILL ELEVATOR RESERVE  Phone: 985/536-1500,,"Coal,Lignite & Coal Coke | Gasoline, Jet Fuel, Kerosene | Distillate,Residual & Other Fuel Oils; Lube Oil & Greases | Petroleum Pitches, Coke, Asphalt, Naptha and Solvents | Petroleum Products NEC | Fertilizers | Other Chemicals and Related Products | For",Reserve,St. John the Baptist,LA,38
MRTIS_0097,Cargill Molasses,Cargill Molasses,Tank Storage,30.0525054185345,-90.5883357568065,140.0,139.0,CARGILL INC ELEVATOR WHARFS,"Port of South Louisiana, LA","Mississippi River, Baton Rouge, LA to New Orleans, LA",Current Owner and Operator: CARGILL ELEVATOR RESERVE  Phone: 985/536-1500,,"Coal,Lignite & Coal Coke | Gasoline, Jet Fuel, Kerosene | Distillate,Residual & Other Fuel Oils; Lube Oil & Greases | Petroleum Pitches, Coke, Asphalt, Naptha and Solvents | Petroleum Products NEC | Fertilizers | Other Chemicals and Related Products | For",Reserve,St. John the Baptist,LA,38
MRTIS_0098,Cargill Reserve ,Cargill Reserve Upper,Elevator,30.0539214190059,-90.5833087555092,140.0,139.6,CARGILL-RESERVE ELEVATOR WHARF,"Port of South Louisiana, LA","Mississippi River, Baton Rouge, LA to New Orleans, LA","Current Owner and Operator: Cargill-NAGOC, Inc. Phone: 985/536-1506 FAX: 985/536-1545",,Food and Farm Products,Reserve,St. John the Baptist,LA,42
MRTIS_0099,Marathon Garyville,Marathon 1,Refinery,30.0460324166515,-90.6030587605047,140.0,140.6,"Marathon Ashland Petroleum, Louisiana Refinery Dock No. 4.","Port of South Louisiana, LA","Mississippi River, Baton Rouge, LA to New Orleans, LA","Current Owner: Marathon Ashland Petroleum, LLC.",Current Operator: Aimcor. Phone: 985/535-7506 FAX: 985/535-7279,"Petroleum Pitches, Coke, Asphalt, Naptha and Solvents",Garyville,St. John the Baptist,LA,22
MRTIS_0100,Marathon Garyville,Marathon 2,Refinery,30.0460324166515,-90.6030587605047,140.0,140.6,"Marathon Ashland Petroleum, Louisiana Refinery Dock No. 4.","Port of South Louisiana, LA","Mississippi River, Baton Rouge, LA to New Orleans, LA","Current Owner: Marathon Ashland Petroleum, LLC.",Current Operator: Aimcor. Phone: 985/535-7506 FAX: 985/535-7279,"Petroleum Pitches, Coke, Asphalt, Naptha and Solvents",Garyville,St. John the Baptist,LA,22
MRTIS_0101,Marathon Garyville,Marathon 5,Refinery,30.0460324166515,-90.6030587605047,140.0,140.6,"Marathon Ashland Petroleum, Louisiana Refinery Dock No. 4.","Port of South Louisiana, LA","Mississippi River, Baton Rouge, LA to New Orleans, LA","Current Owner: Marathon Ashland Petroleum, LLC.",Current Operator: Aimcor. Phone: 985/535-7506 FAX: 985/535-7279,"Petroleum Pitches, Coke, Asphalt, Naptha and Solvents",Garyville,St. John the Baptist,LA,22
MRTIS_0102,MPLX Garyville ,MPLX Garyville 1,Tank Storage,30.051672418263,-90.591116757522,140.0,140.0,MILE 140  GIWW,"Port of Iberia District, LA","Gulf Intracoastal Waterway, Mississippi River, LA, to Sabine River, TX",,,"Sand, Gravel, Stone, Rock, Limestone, Soil, Dredged Material | All Manufactured Equipment, Machinery and Products",NEW IBERIA,Iberia,LA,38
MRTIS_0103,MPLX Garyville ,MPLX Garyville 2,Tank Storage,30.051672418263,-90.591116757522,140.0,140.0,MILE 140  GIWW,"Port of Iberia District, LA","Gulf Intracoastal Waterway, Mississippi River, LA, to Sabine River, TX",,,"Sand, Gravel, Stone, Rock, Limestone, Soil, Dredged Material | All Manufactured Equipment, Machinery and Products",NEW IBERIA,Iberia,LA,38
MRTIS_0104,MPLX Garyville ,MPLX Garyville 5,Tank Storage,30.051672418263,-90.591116757522,140.0,140.0,MILE 140  GIWW,"Port of Iberia District, LA","Gulf Intracoastal Waterway, Mississippi River, LA, to Sabine River, TX",,,"Sand, Gravel, Stone, Rock, Limestone, Soil, Dredged Material | All Manufactured Equipment, Machinery and Products",NEW IBERIA,Iberia,LA,38
MRTIS_0105,140.5 Buoys,140.5 Buoys,Mid-Stream,30.0427674157877,-90.6078707616633,141.0,141.0,LUCY MAR BUOYS MILE 141,"Port of South Louisiana, LA","Mississippi River, Baton Rouge, LA to New Orleans, LA",,,"Coal,Lignite & Coal Coke | Fertilizers | Other Chemicals and Related Products | Non-Ferrous Ores and Scrap | Corn | Oilseeds (Soybean, Flaxseed and Others)",RESERVE,St. John the Baptist,LA,14
MRTIS_0106,AST Gramercy  Buoys,140 Buoys,Mid-Stream,30.0427674157877,-90.6078707616633,141.0,141.0,LUCY MAR BUOYS MILE 141,"Port of South Louisiana, LA","Mississippi River, Baton Rouge, LA to New Orleans, LA",,,"Coal,Lignite & Coal Coke | Fertilizers | Other Chemicals and Related Products | Non-Ferrous Ores and Scrap | Corn | Oilseeds (Soybean, Flaxseed and Others)",RESERVE,St. John the Baptist,LA,14
MRTIS_0107,Apex Mt Airy,Apex Mt Airy,Tank Storage,30.0518614165709,-90.643786771763,144.0,144.1,MPLX MT. AIRY,"Port of South Louisiana, LA","Mississippi River, Baton Rouge, LA to New Orleans, LA",Current Owner and Operator: PIN OAK TERMINALS Phone: 985-533-8783 FAX: 985-535-2624,,,Mt. Airy,St. John the Baptist,LA,17
MRTIS_0108,MPLX Mt Airy,MPLX Mt Airy 1,Tank Storage,30.0518614165709,-90.643786771763,144.0,144.1,MPLX MT. AIRY,"Port of South Louisiana, LA","Mississippi River, Baton Rouge, LA to New Orleans, LA",Current Owner and Operator: PIN OAK TERMINALS Phone: 985-533-8783 FAX: 985-535-2624,,,Mt. Airy,St. John the Baptist,LA,17
MRTIS_0109,MPLX Mt Airy,MPLX Mt Airy 2,Tank Storage,30.0518614165709,-90.643786771763,144.0,144.1,MPLX MT. AIRY,"Port of South Louisiana, LA","Mississippi River, Baton Rouge, LA to New Orleans, LA",Current Owner and Operator: PIN OAK TERMINALS Phone: 985-533-8783 FAX: 985-535-2624,,,Mt. Airy,St. John the Baptist,LA,17
MRTIS_0110,Pin Oak Mt Airy,Pin Oak Mt Airy,Tank Storage,30.0518614165709,-90.643786771763,144.0,144.1,MPLX MT. AIRY,"Port of South Louisiana, LA","Mississippi River, Baton Rouge, LA to New Orleans, LA",Current Owner and Operator: PIN OAK TERMINALS Phone: 985-533-8783 FAX: 985-535-2624,,,Mt. Airy,St. John the Baptist,LA,17
MRTIS_0111,Noranda Alumina,Noranda Alumina,Bulk Plant,30.0540564165454,-90.6589607759575,145.0,145.1,"ATLANTIC ALUMINA GRAMERCY, CHEMICAL DOCK","Port of South Louisiana, LA","Mississippi River, Baton Rouge, LA to New Orleans, LA",Current Owner: Kaiser Aluminum Corp.,"Current Operator: Kaiser Aluminum Corp., Gramercy Business Unit. Phone: 225/869-2506 FAX: 225/869-2524",Chemicals and Related Products,Mt. Airy,St. John the Baptist,LA,21
MRTIS_0112,Louisiana Sugar Refining,Louisiana Sugar Refining,Bulk Plant,30.0476594146133,-90.6756967801994,146.0,145.9,"Imperial Sugar Co., Refined Sugar Dock.","Port of South Louisiana, LA","Mississippi River, Baton Rouge, LA to New Orleans, LA",Current Owner: Imperial Sugar Co. Phone: 504/869-5521 FAX: 504/869-5521,,,Gramercy,St. James,LA,26
MRTIS_0113,RAIN Chalmette,Calciner Industries,Bulk Plant,30.0455344142359,-90.6732197794381,146.0,146.0,MILE 146  LOWER MISS RIVER,"Port of South Louisiana, LA","Mississippi River, Baton Rouge, LA to New Orleans, LA",,,"Sand, Gravel, Stone, Rock, Limestone, Soil, Dredged Material | Non-Ferrous Ores and Scrap | Primary Iron and Steel Products (Ingots,Bars,Rods,etc.)",RESERVE,St. James,LA,27
MRTIS_0114,AST St James Buoys,158 Buoys Lower,Mid-Stream,30.00317139986,-90.8323298205322,158.0,158.0,MILE 158  LOWER MISS RIVER,"Port of South Louisiana, LA","Mississippi River, Baton Rouge, LA to New Orleans, LA",,,"Coal,Lignite & Coal Coke | Fertilizers | Other Chemicals and Related Products | Iron Ore and Iron & Steel Waste & Scrap | Non-Ferrous Ores and Scrap | Sulphur (Dry), Clay & Salt | Slag | Other Non-Metal. Min. | Primary Iron and Steel Products (Ingots,Bars",SAINT JAMES,St. James,LA,39
MRTIS_0115,AST St James Buoys,158 Buoys Middle,Mid-Stream,30.0032753999578,-90.8300358199182,158.0,158.0,ASSOCIATED TERMINALS - CONVENT LIGHTERAGE BUOYS BERTH 5 MILE 158,"Port of South Louisiana, LA","Mississippi River, Baton Rouge, LA to New Orleans, LA",,Current Operator: St. James Stevedoring Mile 158  Phone: 225/562-3919,"Coal,Lignite & Coal Coke | Fertilizers | Other Chemicals and Related Products | Forest Products, Lumber, Logs, Woodchips | Sand, Gravel, Stone, Rock, Limestone, Soil, Dredged Material | Iron Ore and Iron & Steel Waste & Scrap | Non-Ferrous Ores and Scrap",Convent,St. James,LA,38
MRTIS_0116,Plains St James,Plains St James,Tank Storage,30.0272254048039,-90.8397258235711,158.0,159.0,"NUSTAR ENERGY, ST. JAMES TERMINAL","Port of South Louisiana, LA","Mississippi River, Baton Rouge, LA to New Orleans, LA","Current Owner and Operator: NUSTAR ENERGY, ST. JAMES TERMINAL  Phone: 225/265-2112",,"Coal,Lignite & Coal Coke | Crude Petroleum | Gasoline, Jet Fuel, Kerosene | Distillate,Residual & Other Fuel Oils; Lube Oil & Greases | Petroleum Pitches, Coke, Asphalt, Naptha and Solvents | Petroleum Products NEC | Fertilizers | Other Chemicals and Rela",St. James,St. James,LA,41
MRTIS_0117,Sugarland St James ,Sugarland St James 1,Tank Storage,30.0004363991884,-90.8348118210827,158.0,158.0,"EQUILON PIPELINE, ST. JAMES SUGARLAND TERMINAL, DOCKS","Port of South Louisiana, LA","Mississippi River, Baton Rouge, LA to New Orleans, LA",,,"Coal,Lignite & Coal Coke | Crude Petroleum | Gasoline, Jet Fuel, Kerosene | Distillate,Residual & Other Fuel Oils; Lube Oil & Greases | Petroleum Pitches, Coke, Asphalt, Naptha and Solvents | Petroleum Products NEC | Other Chemicals and Related Products |",St. James,St. James,LA,38
MRTIS_0118,Sugarland St James ,Sugarland St James 2,Tank Storage,30.0004363991884,-90.8348118210827,158.0,158.0,"EQUILON PIPELINE, ST. JAMES SUGARLAND TERMINAL, DOCKS","Port of South Louisiana, LA","Mississippi River, Baton Rouge, LA to New Orleans, LA",,,"Coal,Lignite & Coal Coke | Crude Petroleum | Gasoline, Jet Fuel, Kerosene | Distillate,Residual & Other Fuel Oils; Lube Oil & Greases | Petroleum Pitches, Coke, Asphalt, Naptha and Solvents | Petroleum Products NEC | Other Chemicals and Related Products |",St. James,St. James,LA,38
MRTIS_0119,AST St James Buoys,158 Buoys Upper,Mid-Stream,30.0174054027395,-90.8381168227105,159.0,158.0,MILE 158  UPPER MISS RIVER,"Kaskaskia Regional Port District, IL","Mississippi River, Mouth of Missouri River to Mouth of Ohio River",,,"Sand, Gravel, Stone, Rock, Limestone, Soil, Dredged Material",VALMEYER,Monroe,IL,41
MRTIS_0120,Capline St James ,Capline St James 1,Tank Storage,30.0244454042226,-90.839175823302,159.0,159.0,"SHELL CAPLINE AND EQUILON TERMINALS, ST. JAMES","Port of South Louisiana, LA","Mississippi River, Baton Rouge, LA to New Orleans, LA","Current Owner and Operator: Shell Pipeline Corp, Capline St. James Terminal  Phone: 225/265-1100",,"Coal,Lignite & Coal Coke | Crude Petroleum | Gasoline, Jet Fuel, Kerosene | Distillate,Residual & Other Fuel Oils; Lube Oil & Greases | Petroleum Pitches, Coke, Asphalt, Naptha and Solvents | Non-Ferrous Ores and Scrap | Other Non-Metal. Min. | All Manufa",St. James,St. James,LA,41
MRTIS_0121,Capline St James ,Capline St James 2,Tank Storage,30.0244454042226,-90.839175823302,159.0,159.0,"SHELL CAPLINE AND EQUILON TERMINALS, ST. JAMES","Port of South Louisiana, LA","Mississippi River, Baton Rouge, LA to New Orleans, LA","Current Owner and Operator: Shell Pipeline Corp, Capline St. James Terminal  Phone: 225/265-1100",,"Coal,Lignite & Coal Coke | Crude Petroleum | Gasoline, Jet Fuel, Kerosene | Distillate,Residual & Other Fuel Oils; Lube Oil & Greases | Petroleum Pitches, Coke, Asphalt, Naptha and Solvents | Non-Ferrous Ores and Scrap | Other Non-Metal. Min. | All Manufa",St. James,St. James,LA,41
MRTIS_0122,Ergon St James,Ergon St James,Tank Storage,30.0421604079401,-90.8422538249028,160.0,160.7,"ERGON-ST. JAMES, CRUDE OIL TERMINAL WHARF","Port of South Louisiana, LA","Mississippi River, Baton Rouge, LA to New Orleans, LA","Current Owner and Operator: Ergon-St. James, Inc. Phone: 225/265-4146 /225-265-8020 FAX: 225/265-2823",,"Crude Petroleum | Distillate,Residual & Other Fuel Oils; Lube Oil & Greases | Petroleum Pitches, Coke, Asphalt, Naptha and Solvents | Petroleum Products NEC | Fertilizers | Primary Non-Ferrous Metal Products;Fabricated Metal Prods. | All Manufactured Equi",St. James,St. James,LA,24
MRTIS_0123,Mosaic Uncle Sam,Mosaic Uncle Sam,Chemical Plant,30.0384144073821,-90.8346868226995,160.0,160.4,"THE MOSAIC CO., UNCLE SAM PLANT DOCK","Port of South Louisiana, LA","Mississippi River, Baton Rouge, LA to New Orleans, LA","Current Owner: IMC Global, Inc.","Current Operator: IMC Phosphates MP, Inc., a division of IMC Global, Inc.; and Canal Barge Co., Inc. Phone: 225/562-2727 225-582-3501 FAX: 225/562-2779","Distillate,Residual & Other Fuel Oils; Lube Oil & Greases | Petroleum Pitches, Coke, Asphalt, Naptha and Solvents | Chemicals and Related Products | Fertilizers | Other Chemicals and Related Products | Sand, Gravel, Stone, Rock, Limestone, Soil, Dredged M",Convent,St. James,LA,28
MRTIS_0124,NuStar St James,NuStar St James 2,Tank Storage,30.0288944051454,-90.8402838237942,160.0,159.8,"Koch Pipeline Operating, St. James Terminal No. 2 Dock.","Port of South Louisiana, LA","Mississippi River, Baton Rouge, LA to New Orleans, LA","Current Owner: Koch Supply and Trading, LP, a subsidiary of Koch Supply and Trading, LP.","Current Operator: Koch Pipeline Operating, LP, a subsidiary of Koch Supply and Trading, LP. Phone: 225/265-2112 Ex 226 FAX: 225/265-2116","Crude Petroleum | Distillate,Residual & Other Fuel Oils; Lube Oil & Greases | Fertilizers",St. James,St. James,LA,41
MRTIS_0125,NuStar St James,NuStar St James 5,Tank Storage,30.0322974058715,-90.8405108240034,160.0,160.0,"Koch Pipeline Operating, St. James Terminal No. 5 Dock.","Port of South Louisiana, LA","Mississippi River, Baton Rouge, LA to New Orleans, LA","Current Owner: Koch Supply and Trading, LP, a subsidiary of Koch Supply and Trading, LP.","Current Operator: Koch Pipeline Operating, LP, a subsidiary of Koch Supply and Trading, LP. Phone: 225/265-2112 Ex 226 FAX: 225/265-2116",Crude Petroleum,St. James,St. James,LA,35
MRTIS_0126,Convent Marine Terminal,Convent Marine Terminal,Bulk Terminal,30.0094834013421,-90.8286588198164,161.0,158.6,"ELMWOOD MARINE SERVICES, CONVENT REPAIR WHARF AND FLEET MOORINGS","Port of South Louisiana, LA","Mississippi River, Baton Rouge, LA to New Orleans, LA","Current Owner: AEP-Elmwood, LLC.","Current Operator: Elmwood Marine Services, Inc. Phone: 225/562-3507 FAX: 225/562-7570","Coal,Lignite & Coal Coke | Fertilizers | Other Chemicals and Related Products | Sand, Gravel, Stone, Rock, Limestone, Soil, Dredged Material | Iron Ore and Iron & Steel Waste & Scrap | Non-Ferrous Ores and Scrap | Sulphur (Dry), Clay & Salt | Slag | Other",Convent,St. James,LA,39
MRTIS_0127,Occidental Convent,Occidental Convent,Chemical Plant,30.0526814103043,-90.8393218245707,161.0,161.5,"OCCIDENTAL CHEMICAL CORP., CONVENT PLANT WHARF","Port of South Louisiana, LA","Mississippi River, Baton Rouge, LA to New Orleans, LA",Current Owner and Operator: Occidental Chemical Corp. Phone: 225/562-9237/225-562-9200 FAX: 225/562-9241,,"Coal,Lignite & Coal Coke | Distillate,Residual & Other Fuel Oils; Lube Oil & Greases | Petroleum Pitches, Coke, Asphalt, Naptha and Solvents | Fertilizers | Other Chemicals and Related Products | Sand, Gravel, Stone, Rock, Limestone, Soil, Dredged Materia",Convent,St. James,LA,16
MRTIS_0128,Nucor Steel,Nucor Steel,Bulk Plant,30.0653944121332,-90.8668808325548,163.0,163.0,"NUCOR STEEL LOUISIANA, LLC","Port of South Louisiana, LA","Mississippi River, Baton Rouge, LA to New Orleans, LA","Current Owner and Operator: NUCOR STEEL LOUISIANA, LLC Phone: 1-225-331-4000",,,Convent,St. James,LA,24
MRTIS_0129,Zen-Noh,Zen-Noh Grain,Elevator,30.0655504118967,-90.8750588347659,164.0,163.8,ZEN-NOH GRAIN CORP. WHARF.,"Port of South Louisiana, LA","Mississippi River, Baton Rouge, LA to New Orleans, LA",Current Owner and Operator: Zen-Noh Grain Corp. Phone: 225/562-3571 FAX: 225/562-5335,,"Coal,Lignite & Coal Coke | Distillate,Residual & Other Fuel Oils; Lube Oil & Greases | Petroleum Pitches, Coke, Asphalt, Naptha and Solvents | Fertilizers | Other Chemicals and Related Products | Sand, Gravel, Stone, Rock, Limestone, Soil, Dredged Materia",Convent,St. James,LA,27
MRTIS_0130,Zen-Noh,Zen-Noh Lower,Elevator,30.0655504118967,-90.8750588347659,164.0,163.8,ZEN-NOH GRAIN CORP. WHARF.,"Port of South Louisiana, LA","Mississippi River, Baton Rouge, LA to New Orleans, LA",Current Owner and Operator: Zen-Noh Grain Corp. Phone: 225/562-3571 FAX: 225/562-5335,,"Coal,Lignite & Coal Coke | Distillate,Residual & Other Fuel Oils; Lube Oil & Greases | Petroleum Pitches, Coke, Asphalt, Naptha and Solvents | Fertilizers | Other Chemicals and Related Products | Sand, Gravel, Stone, Rock, Limestone, Soil, Dredged Materia",Convent,St. James,LA,27
MRTIS_0131,Zen-Noh,Zen-Noh Upper,Elevator,30.0655504118967,-90.8750588347659,164.0,163.8,ZEN-NOH GRAIN CORP. WHARF.,"Port of South Louisiana, LA","Mississippi River, Baton Rouge, LA to New Orleans, LA",Current Owner and Operator: Zen-Noh Grain Corp. Phone: 225/562-3571 FAX: 225/562-5335,,"Coal,Lignite & Coal Coke | Distillate,Residual & Other Fuel Oils; Lube Oil & Greases | Petroleum Pitches, Coke, Asphalt, Naptha and Solvents | Fertilizers | Other Chemicals and Related Products | Sand, Gravel, Stone, Rock, Limestone, Soil, Dredged Materia",Convent,St. James,LA,27
MRTIS_0132,Americas Styrenics,Americas Styrenics,Chemical Plant,30.0840054146471,-90.9120288455354,167.0,166.6,AMERICAS STYRENICS LLC DEEPWATER ST. JAMES,"Port of South Louisiana, LA","Mississippi River, Baton Rouge, LA to New Orleans, LA",,,"Crude Petroleum | Distillate,Residual & Other Fuel Oils; Lube Oil & Greases | Petroleum Pitches, Coke, Asphalt, Naptha and Solvents | Other Chemicals and Related Products",St. James,St. James,LA,40
MRTIS_0133,AST Convent Buoys,167 Buoys,Mid-Stream,30.0862054152285,-90.9087658447525,167.0,167.0,ST. JAMES STEVORDORING (LOWER) BUOYS,"Port of South Louisiana, LA","Mississippi River, Baton Rouge, LA to New Orleans, LA",,Current Operator: ST. JAMES STEVORDORING (LOWER) BUOYS Mile 167  Phone: 225-562-3919,"Coal,Lignite & Coal Coke | Crude Petroleum | Distillate,Residual & Other Fuel Oils; Lube Oil & Greases | Petroleum Pitches, Coke, Asphalt, Naptha and Solvents | Fertilizers | Other Chemicals and Related Products | Forest Products, Lumber, Logs, Woodchips",CONVENT,St. James,LA,41
MRTIS_0134,IMC Faustina,IMC Faustina,Chemical Plant,30.0902584159451,-90.913464846196,167.0,166.9,"IMC Phosphates MP, Faustina Plant Ship Wharf.","Port of South Louisiana, LA","Mississippi River, Baton Rouge, LA to New Orleans, LA","Current Owner and Operator: IMC Phosphates MP, Inc. Phone: 225/474-6195 FAX: 225/473-5918",,"Chemicals and Related Products | Fertilizers | Other Chemicals and Related Products | Sand, Gravel, Stone, Rock, Limestone, Soil, Dredged Material",Lauderdale,St. James,LA,37
MRTIS_0135,Yara Fertilizer,Yara Fertilizer,Bulk Plant,30.0907314162349,-90.9077868446868,167.0,167.0,YARA NORTH AMERICA CONVENT WHARF,"Port of South Louisiana, LA","Mississippi River, Baton Rouge, LA to New Orleans, LA",,Current Operator: YARA NORTH AMERICA CONVENT WHARF Phone: 225-562-3919,,Convent,St. James,LA,42
MRTIS_0136,Aramco Convent,Shell Convent 1,Refinery,30.1113954205333,-90.9122258467888,168.0,168.0,SHELL CONVENT REFINERY,"Port of South Louisiana, LA","Mississippi River, Baton Rouge, LA to New Orleans, LA",,Current Operator: MOTIVA - CONVENT  Phone: 225-562-7651,"Petroleum and Petroleum Products | Crude Petroleum | Gasoline, Jet Fuel, Kerosene | Distillate,Residual & Other Fuel Oils; Lube Oil & Greases | Petroleum Pitches, Coke, Asphalt, Naptha and Solvents | Petroleum Products NEC | Fertilizers | Other Chemicals",Convent,St. James,LA,21
MRTIS_0137,Aramco Convent,Shell Convent 2,Refinery,30.1113954205333,-90.9122258467888,168.0,168.0,SHELL CONVENT REFINERY,"Port of South Louisiana, LA","Mississippi River, Baton Rouge, LA to New Orleans, LA",,Current Operator: MOTIVA - CONVENT  Phone: 225-562-7651,"Petroleum and Petroleum Products | Crude Petroleum | Gasoline, Jet Fuel, Kerosene | Distillate,Residual & Other Fuel Oils; Lube Oil & Greases | Petroleum Pitches, Coke, Asphalt, Naptha and Solvents | Petroleum Products NEC | Fertilizers | Other Chemicals",Convent,St. James,LA,21
MRTIS_0138,ABT Burnside Buoys,Burnside Buoys,Mid-Stream,30.1314274246053,-90.9193298495827,169.0,169.0,"IMPALA TERMINALS, BURNSIDE","Port of Greater Baton Rouge, LA","Mississippi River, Baton Rouge, LA to New Orleans, LA",,"Current Operator: ORMET PRIMARY ALUMINA CORP., BURNSIDE TERMINALS  Phone: 225-474-3792","Units (Ferried Autos, Passengers, Railway Cars) | Coal,Lignite & Coal Coke | Crude Petroleum | Distillate,Residual & Other Fuel Oils; Lube Oil & Greases | Petroleum Pitches, Coke, Asphalt, Naptha and Solvents | Fertilizers | Other Chemicals and Related Pr",Darrow,Ascension,LA,0
MRTIS_0139,ABT Burnside ,Burnside Terminal,Bulk Terminal,30.1328584248513,-90.9211858501457,170.0,169.8,"Impala Terminals, Burnside Terminal Barge Dock and Fleets","Port of Greater Baton Rouge, LA","Mississippi River, Baton Rouge, LA to New Orleans, LA",Current Owner: ORMET Primary Alumina Corp.,"Current Operator: ORMET Primary Alumina Corp., Burnside Bulk Marine Terminal Division. Phone: 225-474-3758 FAX: 225-474-3719",Other Chemicals and Related Products | Non-Ferrous Ores and Scrap,Burnside,Ascension,LA,0
MRTIS_0140,Copper Darrow Buoys,171 Buoys,Mid-Stream,30.1147334199844,-90.9504048572205,172.0,172.0,DARROW PIT,"Port of Greater Baton Rouge, LA","Mississippi River, Baton Rouge, LA to New Orleans, LA",Current Owner: SOUTH LOUISIANA FILL MATERIALS LLC Phone: 225-474-3500,,,DARROW,Ascension,LA,5
MRTIS_0141,Copper Darrow Buoys,172 Buoys,Mid-Stream,30.1147334199844,-90.9504048572205,172.0,172.0,DARROW PIT,"Port of Greater Baton Rouge, LA","Mississippi River, Baton Rouge, LA to New Orleans, LA",Current Owner: SOUTH LOUISIANA FILL MATERIALS LLC Phone: 225-474-3500,,,DARROW,Ascension,LA,5
MRTIS_0142,CFI Donaldsonville,CFI Donaldsonville,Chemical Plant,30.1030654171758,-90.9594458591434,173.0,173.0,"C F INDUSTRIES, DONALDSONVILLE WHARVES","Port of Greater Baton Rouge, LA","Mississippi River, Baton Rouge, LA to New Orleans, LA",Current Owner and Operator: C F INDUSTRIES  DONALDSONVILLE   Phone: 225-473-8291,,"Fertilizers | Other Chemicals and Related Products | Corn | Barley, Rye, Oats, Rice and Sorghum Grains | Oilseeds (Soybean, Flaxseed and Others) | Vegetable Products | Animal Feed, Grain Mill Products, Flour, Processed Grains",Donaldsonville,Ascension,LA,5
MRTIS_0143,CFI Donaldsonville ,CFI Donaldsonville 106,Chemical Plant,30.1030654171758,-90.9594458591434,173.0,173.0,"C F INDUSTRIES, DONALDSONVILLE WHARVES","Port of Greater Baton Rouge, LA","Mississippi River, Baton Rouge, LA to New Orleans, LA",Current Owner and Operator: C F INDUSTRIES  DONALDSONVILLE   Phone: 225-473-8291,,"Fertilizers | Other Chemicals and Related Products | Corn | Barley, Rye, Oats, Rice and Sorghum Grains | Oilseeds (Soybean, Flaxseed and Others) | Vegetable Products | Animal Feed, Grain Mill Products, Flour, Processed Grains",Donaldsonville,Ascension,LA,5
MRTIS_0144,CFI Donaldsonville 101,CFI Donaldsonville 101,Chemical Plant,30.1029734171681,-90.9590848590421,174.0,173.6,"CF Industries, Donaldsonville Ship Wharf.","Port of Greater Baton Rouge, LA","Mississippi River, Baton Rouge, LA to New Orleans, LA","Current Owner and Operator: CF Industries, Inc. Phone: 225-473-0361 FAX: 225-473-0202",,Fertilizers | Other Chemicals and Related Products,Donaldsonville,Ascension,LA,5
MRTIS_0145,Copper Darrow Buoys,175 Buoys,Mid-Stream,30.1038954170133,-90.9697258619481,175.0,175.0,MILE 175  GIWW,,"Gulf Intracoastal Waterway, Mississippi River, LA, to Sabine River, TX",,,,KAPLAN,Vermilion,LA,0
MRTIS_0146,Copper Darrow Buoys,179 Buoys,Mid-Stream,30.1336524221247,-91.008341873653,180.0,180.0,COOPER DARROW MILE 180,"Port of Greater Baton Rouge, LA","Mississippi River, Baton Rouge, LA to New Orleans, LA",Current Owner: Cooper/T. Smith Stevedoring.,"Current Operator: L & L Fleeting, Inc.; and Darrow Fleeting & Switching, Inc., Subsidiaries of Cooper/T. Smith Stevedoring. Phone: 225-473-4288 FAX: 225-473-6161","Coal,Lignite & Coal Coke | Distillate,Residual & Other Fuel Oils; Lube Oil & Greases | Petroleum Pitches, Coke, Asphalt, Naptha and Solvents | Petroleum Products NEC | Fertilizers | Other Chemicals and Related Products | Forest Products, Lumber, Logs, Woo",Darrow,Ascension,LA,0
MRTIS_0147,Copper Darrow Buoys,180 Buoys,Mid-Stream,30.1336524221247,-91.008341873653,180.0,180.0,COOPER DARROW MILE 180,"Port of Greater Baton Rouge, LA","Mississippi River, Baton Rouge, LA to New Orleans, LA",Current Owner: Cooper/T. Smith Stevedoring.,"Current Operator: L & L Fleeting, Inc.; and Darrow Fleeting & Switching, Inc., Subsidiaries of Cooper/T. Smith Stevedoring. Phone: 225-473-4288 FAX: 225-473-6161","Coal,Lignite & Coal Coke | Distillate,Residual & Other Fuel Oils; Lube Oil & Greases | Petroleum Pitches, Coke, Asphalt, Naptha and Solvents | Petroleum Products NEC | Fertilizers | Other Chemicals and Related Products | Forest Products, Lumber, Logs, Woo",Darrow,Ascension,LA,0
MRTIS_0148,Shell Geismar,Shell Geismar,Tank Storage,30.1782734317797,-91.0060768750117,183.0,183.2,"SHELL CHEMICAL, L.P., GEISMAR PLANT WHARF","Port of Greater Baton Rouge, LA","Mississippi River, Baton Rouge, LA to New Orleans, LA","Current Owner: Shell Chemical, LP, Subsidiary of Shell Oil Co.","Current Operator: Shell Chemical, LP. Phone: 225-201-6368 / 225-379-6222 FAX: 225-201-6652","Crude Petroleum | Gasoline, Jet Fuel, Kerosene | Distillate,Residual & Other Fuel Oils; Lube Oil & Greases | Petroleum Pitches, Coke, Asphalt, Naptha and Solvents | Petroleum Products NEC | Other Chemicals and Related Products | Sand, Gravel, Stone, Rock,",Geismar,Ascension,LA,1
MRTIS_0149,Cosmar Carville,Baker Hughes,Chemical Plant,30.1945554347277,-91.0224058801279,184.0,185.0,GEISMAR LA,"Port of Greater Baton Rouge, LA","Mississippi River, Baton Rouge, LA to New Orleans, LA",,,Other Chemicals and Related Products,GEISMAR,Ascension,LA,1
MRTIS_0150,IMTT ,IMTT Geismar,Tank Storage,30.1874884335575,-91.012052877028,184.0,183.9,INTERNATIONAL-MATEX TANK TERMINALS (IMTT),"Port of Greater Baton Rouge, LA","Mississippi River, Baton Rouge, LA to New Orleans, LA",Current Owner: BASF Corp.,"Current Operator: BASF Corp., Chemicals Division; Vulcan Materials Co.; and Borden Chemical, Inc. Phone: 225-474-2514 / 225-677-8595","Coal,Lignite & Coal Coke | Gasoline, Jet Fuel, Kerosene | Distillate,Residual & Other Fuel Oils; Lube Oil & Greases | Petroleum Products NEC | Chemicals and Related Products | Fertilizers | Other Chemicals and Related Products | Sand, Gravel, Stone, Rock,",Geismar,Ascension,LA,1
MRTIS_0151,Crosstex Energy,Crosstex Energy,Tank Storage,30.2104874376433,-91.0373878848668,186.0,186.0,"ENLINK MIDSTREAM OPERATING, LP","Port of Greater Baton Rouge, LA","Mississippi River, Baton Rouge, LA to New Orleans, LA",,"Current Operator: ENLINK MIDSTREAM OPERATING, LP Phone: 225-673-6137","Petroleum and Petroleum Products | Gasoline, Jet Fuel, Kerosene | Petroleum Pitches, Coke, Asphalt, Naptha and Solvents | Petroleum Products NEC | Fertilizers | Other Chemicals and Related Products",Geismar,Ascension,LA,3
MRTIS_0152,PCS Nitrogen,PCS Nitrogen,Chemical Plant,30.2176724385843,-91.0552888900034,187.0,187.0,"GENERAL ELECTRIC CO., GEISMAR WHARF","Port of Greater Baton Rouge, LA","Mississippi River, Baton Rouge, LA to New Orleans, LA",Current Owner: General Electric Co.,Current Operator: Williams and PCS Nitrogen. Phone: 225-642-2729 FAX: 225-642-3360,"Coal,Lignite & Coal Coke | Gasoline, Jet Fuel, Kerosene | Distillate,Residual & Other Fuel Oils; Lube Oil & Greases | Petroleum Pitches, Coke, Asphalt, Naptha and Solvents | Petroleum Products NEC | Chemicals and Related Products | Fertilizers | Other Che",Geismar,Ascension,LA,12
MRTIS_0153,Total Carville,Total Carville,Chemical Plant,30.2175364380766,-91.0695778938423,188.0,187.9,"ATOFINA PETROCHEMICALS, COS-MAR PLANT WHARF","Port of Greater Baton Rouge, LA","Mississippi River, Baton Rouge, LA to New Orleans, LA",Current Owner: Cos-Mar Co.,Current Operator: Atofina Petrochemicals. Phone: 225-642-5454 | Current Operator: Total Petrochemicals USA  Phone: 225-642-4300,"Gasoline, Jet Fuel, Kerosene | Distillate,Residual & Other Fuel Oils; Lube Oil & Greases | Fertilizers | Other Chemicals and Related Products | Vegetable Products | Other Agricultural Products; Food and Kindred Products",Carville,Iberville,LA,17
MRTIS_0154,KMI St Gabriel,KMI St Gabriel,Tank Storage,30.2284274383206,-91.1318949110888,198.0,198.2,"KINDER MORGAN, ST. GABRIEL TERMINAL","Port of Greater Baton Rouge, LA","Mississippi River, Baton Rouge, LA to New Orleans, LA","Current Owner and Operator: IC OmniModal Terminal Co., Subsidiary of Canadian National/Illinois Central Railroad Phone: 225-642-5516 FAX: 225-642-8301",,"Gasoline, Jet Fuel, Kerosene | Distillate,Residual & Other Fuel Oils; Lube Oil & Greases | Petroleum Pitches, Coke, Asphalt, Naptha and Solvents | Fertilizers | Other Chemicals and Related Products | Sand, Gravel, Stone, Rock, Limestone, Soil, Dredged Mat",St. Gabriel,Iberville,LA,20
MRTIS_0155,Willow Glen,Willow Glen,Tank Storage,30.2704394477961,-91.1175019090904,202.0,201.6,"WILLOW GLEN TERMINAL, ST. GABRIEL","Port of Greater Baton Rouge, LA","Mississippi River, Baton Rouge, LA to New Orleans, LA",Current Owner and Operator: Entergy Gulf States Utilities Co. Phone: 225-381-5842,,"Crude Petroleum | Distillate,Residual & Other Fuel Oils; Lube Oil & Greases | Petroleum Pitches, Coke, Asphalt, Naptha and Solvents",St. Gabriel,Iberville,LA,27
MRTIS_0156,LBC Sunshine,LBC Sunshine,Tank Storage,30.2838474494122,-91.1546869196894,204.0,203.8,"LBC PETRO UNITED TERMINAL, SUNSHINE TERMINAL WHARF","Port of Greater Baton Rouge, LA","Mississippi River, Baton Rouge, LA to New Orleans, LA","Current Owner and Operator: LBC PetroUnited Terminals, LP. Phone: 225-642-8335 ext 101 FAX: 225-642-7767",,"Petroleum and Petroleum Products | Crude Petroleum | Gasoline, Jet Fuel, Kerosene | Distillate,Residual & Other Fuel Oils; Lube Oil & Greases | Petroleum Pitches, Coke, Asphalt, Naptha and Solvents | Petroleum Products NEC | Chemicals and Related Products",Sunshine,Iberville,LA,19
MRTIS_0157,Axiall Plaquemine,Axiall Plaquemine,Chemical Plant,30.2749074465377,-91.1832769269754,205.0,205.6,"WESTLAKE INTERNATIONAL, PLAQUEMINE","Port of Greater Baton Rouge, LA","Mississippi River, Baton Rouge, LA to New Orleans, LA","Current Owner: Georgia Gulf Chemicals & Vinyls, LLC, Plaquemine Chemical Division. Phone: 225-685-2601 FAX: 225-687-7467",,,Plaquemine,Iberville,LA,26
MRTIS_0158,Shintech,Shintech,Chemical Plant,30.2754104470722,-91.1705989235899,205.0,204.8,"SHINTECH LOUISIANA, LLC PLAQUEMINE PLANT WHARVES","Port of Greater Baton Rouge, LA","Mississippi River, Baton Rouge, LA to New Orleans, LA","Current Owner and Operator: SHINTECH LOUISIANA, LLC PLAQUEMINE WHARF Phone: 225-6872105",,Other Chemicals and Related Products,Plaquemine,Iberville,LA,25
MRTIS_0159,Dow Missouri,Dow Missouri,Chemical Plant,30.3096364526229,-91.2228669391703,210.0,210.0,MILE 210  LOWER MISS RIVER,"Port of Greater Baton Rouge, LA","Mississippi River, Baton Rouge, LA to New Orleans, LA",,,"Petroleum Pitches, Coke, Asphalt, Naptha and Solvents | Other Chemicals and Related Products | Sand, Gravel, Stone, Rock, Limestone, Soil, Dredged Material",SUNSHINE,Iberville,LA,52
MRTIS_0160,Dow Plaquemine,Dow Plaquemine,Chemical Plant,30.3410134587261,-91.2404579453068,222.0,221.8,"DOW CHEMICAL U.S.A., PLAQUEMINE DOCK NO. 2, HYDROCARBON WHARF","Port of Greater Baton Rouge, LA","Mississippi River, Baton Rouge, LA to New Orleans, LA","Current Owner and Operator: Dow Chemical U.S.A., Louisiana Division. Phone: 225-335-4534 / 225-353-8825 FAX: 225-353-2496",,"Gasoline, Jet Fuel, Kerosene | Distillate,Residual & Other Fuel Oils; Lube Oil & Greases | Petroleum Pitches, Coke, Asphalt, Naptha and Solvents | Petroleum Products NEC | Other Chemicals and Related Products | Sand, Gravel, Stone, Rock, Limestone, Soil,",Plaquemine,West Baton Rouge,LA,42
MRTIS_0161,Drax Biomass,Drax Biomass,Bulk Plant,30.4288144790345,-91.1938609367512,229.0,228.5,ECONOMY BOAT STORE WHARF,"Port of Greater Baton Rouge, LA","Mississippi River, Baton Rouge, LA to New Orleans, LA","Current Owner: Mers, Inc.",Current Operator: Economy Boat Store. Phone: 225-343-9706 FAX: 225-336-0260,,Baton Rouge,East Baton Rouge,LA,97
MRTIS_0162,Dreyfuss,Dreyfuss,Elevator,30.4340084798782,-91.2015919390652,229.0,228.9,LOUIS DREYFUS COMMODITIES LLC PORT ALLEN,"Port of Greater Baton Rouge, LA","Mississippi River, Baton Rouge, LA to New Orleans, LA",Current Owner: Greater Baton Rouge Port Commission.,Current Operator: LOUIS DREYFUS COMMODITIES LLC Phone: 225-338-1642/225-388-1600,"Coal,Lignite & Coal Coke | Distillate,Residual & Other Fuel Oils; Lube Oil & Greases | Petroleum Pitches, Coke, Asphalt, Naptha and Solvents | Fertilizers | Other Chemicals and Related Products | Forest Products, Lumber, Logs, Woodchips | Sand, Gravel, St",Port Allen,West Baton Rouge,LA,137
MRTIS_0163,Genesis Baton Rouge,Genesis Baton Rouge,Tank Storage,30.4177674765649,-91.1972279371555,229.0,229.0,BATON ROUGE BUOYS - MILE 229,"Port of Greater Baton Rouge, LA","Mississippi River, Baton Rouge, LA to New Orleans, LA",,,"Primary Iron and Steel Products (Ingots,Bars,Rods,etc.)",BATON ROUGE,East Baton Rouge,LA,78
MRTIS_0164,Port of Baton Rouge,Baton Rouge General Cargo,General Cargo,30.4177674765649,-91.1972279371555,229.0,229.0,BATON ROUGE BUOYS - MILE 229,"Port of Greater Baton Rouge, LA","Mississippi River, Baton Rouge, LA to New Orleans, LA",,,"Primary Iron and Steel Products (Ingots,Bars,Rods,etc.)",BATON ROUGE,East Baton Rouge,LA,78
MRTIS_0165,Apex Baton Rouge,Apex Baton Rouge,Tank Storage,30.4435934819724,-91.2000769390931,230.0,229.5,"PETROLEUM FUEL & TERMINALS CO., PORT ALLEN  WHARF","Port of Greater Baton Rouge, LA","Mississippi River, Baton Rouge, LA to New Orleans, LA",Current Owner: Greater Baton Rouge Port Commission.,"Current Operator: Petroleum Fuel and Terminal Co., Division of Apex Oil Co. Phone: 225-383-9211 FAX: 225-383-3348","Petroleum and Petroleum Products | Petroleum Pitches, Coke, Asphalt, Naptha and Solvents",Port Allen,West Baton Rouge,LA,130
MRTIS_0166,Exxon Baton Rouge,Exxon Baton Rouge,Refinery,30.4824994904957,-91.1931769390083,232.0,232.2,"EXXON MOBIL REFINING & SUPPLY CO., BATON ROUGE MARINE TERMINAL WH","Port of Greater Baton Rouge, LA","Mississippi River, Baton Rouge, LA to New Orleans, LA",Current Owner and Operator: ExxonMobil Refining & Supply Co. Phone: 225-977-4860,,"Coal,Lignite & Coal Coke | Petroleum and Petroleum Products | Crude Petroleum | Gasoline, Jet Fuel, Kerosene | Distillate,Residual & Other Fuel Oils; Lube Oil & Greases | Petroleum Pitches, Coke, Asphalt, Naptha and Solvents | Petroleum Products NEC | Oth",Baton Rouge,East Baton Rouge,LA,60
MRTIS_0167,Placid Oil,Placid Oil,Tank Storage,30.4748744886172,-91.2006279406642,232.0,231.7,"Placid Refining, Barge Wharf.","Port of Greater Baton Rouge, LA","Mississippi River, Baton Rouge, LA to New Orleans, LA","Current Owner and Operator: Placid Refining, LLC. Phone: 225-346-7423 FAX: 225-376-1126",,Petroleum and Petroleum Products | Other Chemicals and Related Products,Port Allen,West Baton Rouge,LA,68
