registry_id,fac_name,fac_street,fac_city,fac_state,fac_zip,fac_county,fac_epa_region,latitude,longitude,naics_code
110070692992,HO WEAVER,160 WOODS ROAD,ATMORE,AL,36502,ESCAMBIA COUNTY,4.0,31.064778,-87.493127,423320
110002373431,HOLCIM INCORPORATED,1555 HARTMAN INDUSTRIAL BOULEVARD,BIRMINGHAM,AL,35221,JEFFERSON,4.0,33.458973,-86.894705,423320
110070379944,"BORAL RESOURCES, LLC",115300 HIGHWAY 43 NORTH,BUCKS,AL,36512,MOBILE COUNTY,4.0,,,423320
110072106974,ALLIANCE SAND - HUNTSVILLE AL PORT,500 BILL MATTHEWS RD SE,HUNTSVILLE,AL,35803,MADISON,4.0,34.538007,-86.538836,423320
110071958029,"GRAYSON CARTER AND SON CONTRACTING, INC.",721 FIELDS ROAD,LACEYS SPRING,AL,35754,,4.0,34.55945,-86.588613,423320
110070836820,MOBILE ASPHALT COMPANY LLC,5244 US HIGHWAY 84 WEST,MEXIA,AL,36619,MONROE COUNTY,4.0,,,423320
110040079580,VULCAN CONSTRUCTION MATERIALS - BLAKELY ISLAND SALES YARD,1767 COCHRANE BRIDGE CAUSEWAY,MOBILE,AL,36660,MOBILE,4.0,30.72492,-88.03701,423320
110054113767,VULCAN CONSTRUCTION MATERIALS - BAY BRIDGE SALES YARD,1920 CUTOFF ROAD,MOBILE,AL,36610,MOBILE,4.0,30.40157,-88.27222,423320
110063886488,"EAST BANK INDUSTRIES, INC.",909 COCHRAN BRIDGE CAUSEWAY,MOBILE,AL,36601,MOBILE,4.0,30.718181,-88.034884,423320
110057187173,RIVER SAND AND GRAVEL LLC,909 COCHRAN BRIDGE CAUSEWAY,MOBILE,AL,36601,MOBILE,4.0,30.718181,-88.034884,423320
110012168750,"ARGOS CEMENT, LLC","11TH STREET, PIER D, ALABAMA S",MOBILE,AL,36652,MOBILE,4.0,30.69912,-88.20985,423320
110072104305,PORT OF MOBILE YARD,1920 BAY BRIDGE CUTOFF RD,MOBILE,AL,36610,MOBILE,4.0,30.72899,-88.06029,423320
110070214059,COUCH AGGREGATES LLC,22801 CANAL RD,ORANGE BEACH,AL,36561,BALDWIN,4.0,30.28915,-87.63364,423320
110020381353,"WARREN PAVING, INC.",22601 CANAL ROAD,ORANGE BEACH,AL,36561,BALDWIN,4.0,30.288333,-87.64,423320
110070926727,SIMS BARK COMPANY - ROCK BAGGING FACILITY,2115 HILL ROAD,SYLACAUGA,AL,35151,TALLADEGA,4.0,33.16575,-86.309861,423320
110055598081,"GREEN ROOF RECYCLING, LLC",5356 MARTIN LUTHER KING JR. BO,TUSCALOOSA,AL,35401,TUSCALOOSA,4.0,33.161748,-87.589258,423320
110070380252,"BORAL RESOURCES, LLC",31972 HIGHWAY 25,WILSONVILLE,AL,35186,SHELBY COUNTY,4.0,33.250767,-86.471997,423320
110060245373,CLEVE BATTE CONSTRUCTION,4010 EAST STREET,TEXARKANA,AR,71801,N.E.C.,6.0,33.383968,-93.996867,423320
110071893487,SUNBELT CRUSHING LLC - APAC WEST MEMPHIS SITE,898 S. WALKER AVENUE,WEST MEMPHIS,AR,72301,CRITTENDEN COUNTY,6.0,33.695694,-94.423778,423320
110071433544,CLASSIC STONE,4902 W SUPERIOR AVE,PHOENIX,AZ,85043,MARICOPA COUNTY,9.0,33.416589,-112.16661,423320
110072012755,19TH AVENUE TERMINAL,1802 W LOWER BUCKEYE RD,PHOENIX,AZ,85007,MARICOPA,,33.422121,-112.093844,423320
110040897651,PHOENIX CEMENT COMPANY,32535 7TH STANDARD RD,BAKERSFIELD,CA,93312,KERN,9.0,35.441668,-119.195657,423320
110070492562,GRIFFITH CO,1215 E WHITE LN,BAKERSFIELD,CA,93307,KERN,9.0,35.31574,-118.99191,423320
110065979882,RIGHT AWAY READY MIX,11911 BRENTWOOD BLVD,BRENTWOOD,CA,94513,CONTRA COSTA,9.0,37.90955,-121.64243,423320
110002427197,KELLOG CREEK AGREGATES INC,1150 CAMINO DIABLO,BYRON,CA,94514,CONTRA COSTA,9.0,37.8674,-121.62309,423320
110071788822,MATICH CORPORATION - CABAZON PLANT,13990  APACHE TRAIL,CABAZON,CA,92230,RIVERSIDE,9.0,33.91835,-116.80673,423320
110060280627,HOLLIDAY ROCK - SANTA CLARITA FACILITY,14320 SOLEDAD CANYON RD,CANYON COUNTRY,CA,91387,LOS ANGELES,9.0,34.43192,-118.3845,423320
110070086300,OF WOLFINBARGER INC,5675 FRANCIS AVE,CHINO,CA,91710,SAN BERNARDINO COUNTY,9.0,34.04011,-117.68135,423320
110000477840,HILL BROTHERS CHEMICAL CO,15017 E CLARK AVE,CITY OF INDUSTRY,CA,91745,LOS ANGELES,9.0,34.02,-117.976944,423320
110070557712,"HOLLIDAY ROCK CO., INC",711  FAIRWAY DR,CITY OF INDUSTRY,CA,91789,LOS ANGELES,9.0,34.001786,-117.873213,423320
110070061256,F S T SAND & GRAVEL INC,TEMESCAL CYN & CAJALCO RD,CORONA,CA,92882,RIVERSIDE,9.0,33.82394,-117.51026,423320
110071791874,NATIONAL READY MIXED CONCRETE COMPANY,25050  MAITRI RD,CORONA,CA,92883,RIVERSIDE,9.0,33.75737,-117.48049,423320
110058343733,WERNER CORPORATION,VARIOUS LOCATIONS IN SCAQMD,DIAMOND BAR,CA,91765,LOS ANGELES,9.0,34.00175,-117.8301,423320
110058307531,CHINA LAKE LIME,8615 ROBBEN ROAD,DIXON,CA,95620,SOLANO,9.0,38.48763,-121.79108,423320
110054206809,GRANITE CONSTRUCTION CO,6950 OLD STAGE RD,DUCOR,CA,00000,TULARE,9.0,35.891701,-119.049711,423320
110071778338,"CEMEX CONSTRUCTION MATERIALS PACIFIC,LLC",13200  SANTA ANA AVE,FONTANA,CA,92337,SAN BERNARDINO,9.0,34.05,-117.47721,423320
110071720268,KLEEN BLAST,30028 INDUSTRIAL PKWY  SW,HAYWARD,CA,94544,ALAMEDA,9.0,37.611,-122.06697,423320
110071937936,COACHELLA VALLEY AGGREGATES INC,88-120  42 ND AVE,INDIO,CA,92202,RIVERSIDE,9.0,,,423320
110071774996,SUNBURST DECORATIVE ROCK INC,282 E LIVE OAK AVE,IRWINDALE,CA,91706,LOS ANGELES,9.0,,,423320
110001187233,HANSON AGGREGATES PACIFIC SOUTHWEST,12560 HY 67,LAKESIDE,CA,92040,SAN DIEGO,9.0,32.90696,-116.94325,423320
110071792033,EAGLE ROCK AGGREGATES,1501 W PIER D ST,LONG BEACH,CA,90802,LOS ANGELES,9.0,,,423320
110070085771,HOLLIDAY ROCK CO INC,2822 S SOTO ST,LOS ANGELES,CA,90058,LOS ANGELES,9.0,34.01122,-118.21777,423320
110001180098,WEST COAST AGGREGATES INC,18500 LIMEKILN CANYON RD,LOS GATOS,CA,95033,SANTA CRUZ,9.0,37.20038,-121.98142,423320
110071806549,"MADERA QUARRY, LLC",23050 RD 209,MADERA,CA,93636,MADERA COUNTY,9.0,,,423320
110070059354,MATERIALS MANAGEMENT & LOGISTICS LLC INC,36060  GILMAN SPRINGS RD,MORENO VALLEY,CA,92551,RIVERSIDE,9.0,33.86955,-117.03487,423320
110054237991,ASSOCIATED CONCRETE CO,130 E MAIN AVENUE,MORGAN HILL,CA,95037,SANTA CLARA,9.0,37.13174,-121.65242,423320
110071936949,"HOLIDAY ROCK CO., INC.",840 S CUCAMONGA AVE,ONTARIO,CA,91761,SAN BERNARDINO,9.0,,,423320
110070092067,HOLLIDAY ROCK PERRIS 21,1980 GOETZ RD,PERRIS,CA,92570,RIVERSIDE,9.0,33.76521,-117.22469,423320
110071937920,"CEMEX CONSTRUCTION MATERIALS PACIFIC,LLC",237  PERRIS BLVD,PERRIS,CA,92570,RIVERSIDE,9.0,,,423320
110070522351,CALMAT CO DBA SHAMROCK MATERIALS,210 LANDING WAY,PETALUMA,CA,94952,SONOMA,9.0,38.224018,-122.606587,423320
110071745278,NOR-CAL BUILDING MATERIALS INC,150 LANDING WAY,PETALUMA,CA,94952,SONOMA,9.0,38.225,-122.61,423320
110071747412,"MINERAL RESOURCE TECHNOLOGIES,",1273 LOVERIDGE ROAD,PITTSBURG,CA,94565,CONTRA COSTA,9.0,38.01644,-121.85842,423320
110001152396,PACIFIC CUSTOM MATERIALS INC,9000 CARQUINEZ SCENIC DRIVE,PORT COSTA,CA,94569,CONTRA COSTA,9.0,38.035961,-122.175682,423320
110071460627,QUALITY CONCRETE FLOOR LEVELING INC,9155 CARRARI ST,RANCHO CUCAMONGA,CA,91737,SAN BERNARDINO,,34.159267,-117.606391,423320
110071936071,REDWOOD CITY CEMENT TERMINAL,775 SEAPORT BOULEVARD,REDWOOD CITY,CA,94063,SAN MATEO,9.0,,,423320
110071780767,MATICH CORP,3221 N RIVERSIDE AVE,RIALTO,CA,92377,SAN BERNARDINO,9.0,34.15638,-117.39954,423320
110002428873,SYAR INDUSTRIES INC,115 BROOKSIDE DRIVE,RICHMOND,CA,94801,CONTRA COSTA,9.0,37.96517,-122.36785,423320
110071752585,EAGLE ROCK AGGREGATE INC,700 WRIGHT AVENUE,RICHMOND,CA,94804,CONTRA COSTA,9.0,37.921318,-122.362014,423320
110071676539,DAYTON SUPERIOR CORP,14500 INNOVATION DR,RIVERSIDE,CA,92518,RIVERSIDE,,33.907615,-117.28485,423320
110072046284,"STEGO INDUSTRIES, LLC",216 AVENIDA FABRICANTE,SAN CLEMENTE,CA,92672,ORANGE,,33.44409,-117.586158,423320
110070092200,CENTRAL CONCRETE SUPPLY INC,450 AMADOR STREET,SAN FRANCISCO,CA,94124,SAN FRANCISCO COUNTY,9.0,37.74587,-122.38437,423320
110071460352,"ASN NATURAL STONE, INC.",1800 ILLINOIS STREET,SAN FRANCISCO,CA,94124,SAN FRANCISCO,,37.748479,-122.386513,423320
110001156258,GRANITE ROCK,11711 BERRYESSA ROAD,SAN JOSE,CA,95133,SANTA CLARA,9.0,37.36523,-121.88161,423320
110070416451,CALAVERAS MATERIALS INC,15733 E GOODFELLOW AVE,SANGER,CA,93657,FRESNO,9.0,36.66918,-119.50723,423320
110071743669,MARBLED ELEGANCE,2008 MARTIN AVENUE,SANTA CLARA,CA,95050,SANTA CLARA,9.0,37.36627,-121.96036,423320
110071772893,CALIFORNIA PORTLAND CEMENT CO,13846  FIRESTONE BLVD,SANTA FE SPRINGS,CA,90670,LOS ANGELES,9.0,,,423320
110071757526,FARROW READY MIX,3660 COPPERHILL LANE,SANTA ROSA,CA,95403,SONOMA,9.0,,,423320
110054310973,CARL'S READY MIX,3660 COPPERHILL LANE,SANTA ROSA,CA,95403,SONOMA,9.0,38.50912,-122.79051,423320
110058376537,CALIFORNIA PORTLAND CEMENT COMPANY,2201 W WASHINGTON ST,STOCKTON,CA,95203,SAN JOAQUIN,9.0,37.94675,-121.32265,423320
110071937390,BEL AIR CONCRETE CO,9065  NORRIS AVE,SUN VALLEY,CA,91352,LOS ANGELES,9.0,,,423320
110070466751,MISSION VALLEY ROCK CO,7999 ATHENOUR WAY,SUNOL,CA,94586,ALAMEDA,9.0,37.575904,-121.879972,423320
110054251484,"LEHIGH CEMENT WEST, INC.",30101 INDUSTRIAL PKWY,UNION CITY,CA,94587,ALAMEDA,9.0,37.61035,-122.06804,423320
110071786381,MOUNTAIN VIEW LAND COMPANY,1499  BENSON AVE,UPLAND,CA,91786,SAN BERNARDINO,9.0,34.119748,-117.681778,423320
110054266879,"VISALIA CERAMIC TILE, INC",917 AMERICAN AVE,VISALIA,CA,93291,TULARE,9.0,36.3376,-119.40468,423320
110070060948,PRESTIGE GUNITE LP,1890 PARKWAY BOULEVARD,WEST SACRAMENTO,CA,95605,YOLO,9.0,38.564235,-121.562939,423320
110071175662,ZENITH ENERGY WEST COAST TERMINALS LLC,1007 E LOMITA BLVD,WILMINGTON,CA,90744,LOS ANGELES,9.0,,,423320
110055848668,PLAINS WEST COAST TERMINALS LLC,1007 E LOMITA BLVD,WILMINGTON,CA,90744,LOS ANGELES,9.0,33.79958,-118.25666,423320
110071746765,CARL'S READY MIX,340 STANDARD AVENUE,WINDSOR,CA,95492,SONOMA,9.0,38.52535,-122.79483,423320
110070469805,GRAYMONT WESTERN US. INC.,40307 BEST RANCH RD,WOODLAND,CA,95776,YOLO,9.0,38.716952,-121.759409,423320
110000859688,SILVER WEIBULL,14800 EAST MONCRIEFF PLACE,AURORA,CO,80011,ADAMS,8.0,39.76277,-104.81376,423320
110071678560,DAYTON SUPERIOR CORPORATION,23655 E 19TH AVE BLDG 2 STE 100,AURORA,CO,80019,ADAMS,,39.74377,-104.71199,423320
110001399424,"RECYCLED AGGREGATE PRODUCTS CO., DIVISIO",2255 E LAS VEGAS ST,COLORADO SPRINGS,CO,80906,EL PASO,8.0,38.80116,-104.78847,423320
110064133977,FT SAND AND GRAVEL,535 AIR LN,COLORADO SPRINGS AREA,CO,80929,EL PASO,8.0,38.84072,-104.68994,423320
110023152862,COLORADO LIME COMPANY - DELTA PLANT,1468 HIGHWAY 50,DELTA,CO,81416,DELTA,8.0,38.76269,-108.0893,423320
110007093000,"GCC DACOTAH, INC., DBA DACOTAH CEMENT",220 E 54TH AVE,DENVER,CO,80216,ADAMS,8.0,39.79465,-104.985627,423320
110071312947,EAGLE RIVER MATERIALS - NEWBY AGG RECYCL,11151 HIGHWAY 6,GYPSUM AREA,CO,81637,EAGLE,8.0,39.64743,-106.92529,423320
110021088936,GCC OF DENVER  INC,9290 HEINZE WAY,HENDERSON,CO,80640,ADAMS,8.0,39.86623,-104.8758,423320
110041405486,STONETECH,TILCON GEORGETOWN,GEORGETOWN,DE,19947,SUSSEX,3.0,38.69,-75.385,423320
110027373973,MIDDLETOWN MATERIALS,1559 CEDAR LANE ROAD,MIDDLETOWN,DE,19709,NEW CASTLE,3.0,39.480471,-75.700167,423320
110038040189,CORRADO CONSTRUCTION CO LLC,210 MARSH LANE,NEW CASTLE,DE,19720,PORTABLE SOURCE,3.0,39.7141,-75.5708,423320
110027973511,WHITE CAP LTD WC0232,5220 126TH AVE N,CLEARWATER,FL,33760,PINELLAS,4.0,27.885949,-82.705715,423320
110038108865,CYD - DEBARY TERMINAL,311 BENSON JUNCTION RD,DEBARY,FL,32713,VOLUSIA,4.0,28.86529,-81.32917,423320
110039606441,CEMEX CONSTRUCTION MATERIALS FLORIDA LLC,EISENHOWER BLVD & SE 28TH ST,FORT LAUDERDALE,FL,33316,BROWARD,4.0,26.08901,-80.12443,423320
110039606593,"CONTINENTAL FLORIDA MATERIALS, INC.",2802 EISENHOWER BLVD,FORT LAUDERDALE,FL,33316,BROWARD,4.0,26.088997,-80.124433,423320
110071956396,OLDCASTLE LAWN & GARDEN FT LAUDERDALE,710 W MCNAB RD,FORT LAUDERDALE,FL,33309,BROWARD COUNTY,4.0,26.210751,-80.153332,423320
110039493152,SEPARATION TECHNOLOGIES LLC,13151 WYANDOTTE RD,GIBSONTON,FL,33534,HILLSBOROUGH COUNTY,4.0,27.794427,-82.3971,423320
110039632216,HM SOUTHEAST LLC,1996 E BEAVER ST,JACKSONVILLE,FL,32202,DUVAL,4.0,30.32558,-81.62842,423320
110039632225,HM SOUTHEAST CEMENT LLC,2041 E ADAMS ST,JACKSONVILLE,FL,32202,DUVAL,4.0,30.32146,-81.62792,423320
110037311708,HD SUPPLY CONSTRUCTION SUPPLY LTD #WC0249,335 N INGRAHAM AVE,LAKELAND,FL,33801,POLK,4.0,28.047675,-81.944518,423320
110071956398,OLDCASTLE LAWN & GARDEN ORLANDO,2109 S DIVISION AVE,ORLANDO,FL,32805,ORANGE COUNTY,4.0,28.51778,-81.38467,423320
110032648794,WHITE CAP LTD (WC0238),17689 ASHLEY DR,PANAMA CITY BEACH,FL,32413,BAY,4.0,30.23682,-85.901872,423320
110069998721,CORRIDOR MINING ROCK YARD,JIM JOHNSON ROAD,PLANT CITY,FL,33566,HILLSBOROUGH COUNTY,4.0,27.98778,-82.095914,423320
110071870632,SOUTH FLORIDA MATERIALS CORP.,300 WEST MIDDLE ROAD,RIVIERA BEACH,FL,33404,PALM BEACH,4.0,26.766603,-80.057781,423320
110038103977,SOUTH FLORIDA MATERIALS CORP.,300 MIDDLE ROAD,RIVIERA BEACH,FL,33404,PALM BEACH,4.0,,,423320
110027225232,"CEMEX CONSTRUCTION MATERIALS FLORIDA,LLC",500 BROADWAY,RIVIERA BEACH,FL,33404,PALM BEACH,4.0,26.772263,-80.055095,423320
110064407342,VULCAN MATERIALS CO,3520 PENDOLA POINT RD,TAMPA,FL,33619,HILLSBOROUGH,4.0,27.90068,-82.42772,423320
110038018034,"TITAN AMERICA, LLC",4219 MARITIME BLVD.,TAMPA,FL,33605,HILLSBOROUGH,4.0,27.911351,-82.43619,423320
110001737256,"ARGOS USA, LLC",2001 MARITIME BLVD.,TAMPA,FL,33605,HILLSBOROUGH,4.0,27.93354,-82.43998,423320
110009078602,CONRAD YELVINGTON DISTRIBUTORS,4800 CONE RD,TAMPA,FL,33610,HILLS,4.0,27.99063,-82.402795,423320
110046593879,"VULCAN MATERIALS COMPANY, FLORIDA ROCK D",6311 EAST SLIGH AVENUE,TAMPA,FL,33617,HILLSBOROUGH,4.0,28.01073,-82.38044,423320
110038103414,"CEMEX CEMENT OF LOUISIANA, INC.",3417 PORT SUTTON ROAD,TAMPA,FL,33619,HILLSBOROUGH,4.0,27.905003,-82.425731,423320
110001737265,"NEW NGC, INC.",6110 COMMERCE ST,TAMPA,FL,33616,HILLSBOROUGH,4.0,27.8595,-82.5494,423320
110032811161,GAETANO CACCIATORE LLC,3920 PENDOLA POINT RD,TAMPA,FL,33619,HILLSBOROUGH,4.0,27.90066,-82.4194,423320
110071873275,CONRAD YELVINGTON DISTRIBUTORS,,,FL,,MULTIPLE (PORTABLE FACILITIES),4.0,,,423320
110046233919,PLANT WANSLEY,1371 LIBERTY CHURCH RD,CARROLLTON,GA,30116,CARROLL,4.0,33.4131,-85.0336,423320
110002316716,LEHIGH CEMENT DORAVILLE TERMINAL,6555 BUTTON GWINNETT DR,DORAVILLE,GA,30340,DEKALB,4.0,33.92196,-84.24331,423320
110037588928,NATIONAL CEMENT COMPANY OF ALABAMA INC,359 NEW SALEM CHURCH ROAD,JEFFERSON,GA,30549,JACKSON,4.0,34.14184,-83.63599,423320
110070789374,ECO MATERIAL TECHNOLOGIES â PLANT SCHERER FLY ASH OPERATIONS,10986 GEORGIA HIGHWAY 87,JULIETTE,GA,31046,MONROE COUNTY,4.0,,,423320
110007356066,GA POWER PLANT R.W. SCHERER,10986 GA HWY 87/U.S. HWY 23,JULIETTE,GA,31046,MONROE,4.0,33.0613,-83.8066,423320
110071846457,"EM RESOURCES, LLC - PLANT BRANCH BENEFICIAL USE OPERATIONS",1100 MILLEDGEVILLE ROAD,MILLEDGEVILLE,GA,31061,,4.0,33.114861,-83.192806,423320
110070684675,SOUTHEAST CEMENT - SAVANNAH,411 CAROLAN STREET,SAVANNAH,GA,31415,CHATHAM COUNTY,4.0,32.09673,-81.11176,423320
110037589133,ARGOS PORT SAVANNAH,148 MARINE TERMINAL DRIVE,SAVANNAH,GA,31401,CHATHAM,4.0,32.078123,-81.06624,423320
110007047711,ECO MATERIAL - PLANT BOWEN FLYASH OPERATION,INSIDE PLANT BOWEN,TAYLORSVILLE,GA,30178,BARTOW,4.0,34.112,-84.971,423320
110037594154,NATIONAL CEMENT COMPANY OF ALABAMA INC,145 SHAMROCK INDUSTRIAL BLVD,TYRONE,GA,30290,FAYETTE,4.0,33.44331,-84.60872,423320
110070616167,ARROW HAWAIIAN / OREGON LLC,92-1329 PRINCE KUHIO BLVD.,CAPTAIN COOK,HI,96704,HAWAII COUNTY,9.0,19.081705,-155.777225,423320
110070161963,"CENTRAL PLAINS CEMENT CO., LLC",410 ADVENTURELAND DR.,ALTOONA,IA,50009,POLK COUNTY,7.0,41.65853,-93.468019,423320
110064587638,SKR PROPERTIES LLC,1987 NE 54TH AVE.,DES MOINES,IA,50316,POLK,7.0,41.65868,-93.58545,423320
110010507727,MONARCH CEMENT OF IOWA INC,5200 PARK AVENUE,DES MOINES,IA,50321,POLK,7.0,41.555573,-93.684689,423320
110071139189,ACTION PRODUCTS MARKETING LLC DBA AP/M PERMAFORM,6250 NW BEAVER DR STE A1,JOHNSTON,IA,50131,POLK,,41.67476,-93.68003,423320
110067429223,CENTRAL PLAINS CEMENT COMPANY,15100 COURTNEY ATHERTON,PLEASANT HILL,IA,64051,POLK COUNTY,7.0,,,423320
110031018280,CHEMICAL LIME TEN MILE PLANT,1880 TEN MILE PASS RD,BANCROFT,ID,83217,CARIBOU,10.0,42.760814,-111.775385,423320
110071718751,KANZLER FARMS,31W120 W BARTLETT RD,BARTLETT,IL,60103,COOK,5.0,41.994872,-88.225997,423320
110001386697,KANZLER FARMS,31 W 120 W BARTLETT RD,BARTLETT,IL,60133,COOK,5.0,41.994872,-88.225997,423320
110030733963,BROMLEY EXCAVATING,705 SMELTER RD,BECKEMEYER,IL,62219,CLINTON,5.0,38.607146,-89.426419,423320
110037159730,BROMLEY EXCAVATING,8200 OLD HWY 50,BREESE,IL,62230,CLINTON,5.0,38.610482,-89.549204,423320
110040113025,MINERAL RESOURCE TECHNOLOGIES INC-JOLIET TERMINAL,23462 W AMOCO RD,CHANNAHON,IL,60410,WILL,5.0,41.450834,-88.175395,423320
110007313861,DRAPER & KRAMER,1130 S. MICHIGAN AVE.,CHICAGO,IL,60605,COOK,5.0,41.86849,-87.62409,423320
110001812174,ST. MARYS CEMENT INC (US),12101 SOUTH DOTY AVENUE,CHICAGO,IL,60633,COOK,5.0,41.67247,-87.59094,423320
110007051910,COOK DEVELOPMENT COMPANY,1331 S MICHIGAN AVE,CHICAGO,IL,60605,COOK,5.0,41.86487,-87.6241,423320
110001804496,OZINGA READY MIX CONCRETE INC,3221 EAST 95TH STREET,CHICAGO,IL,60617,COOK,5.0,41.72205,-87.54434,423320
110001291423,HOLCIM (US) INC,2150 E 130TH ST,CHICAGO,IL,60633,COOK,5.0,41.659603,-87.5709,423320
110001800481,LEHIGH PORTLAND CEMENT CO,2535 BRUSH COLLEGE RD,DECATUR,IL,62526,MACON,5.0,39.87027,-88.89808,423320
110027154772,EARTH INC,321-326 TOUHY AVE,DES PLAINES,IL,60018,COOK,5.0,42.007641,-87.92705,423320
110056309953,AMERICA MATERIALS,32W101 PENNY RD,EAST DUNDEE,IL,60118,KANE,5.0,42.103469,-88.239821,423320
110043699780,AMERICA MATERIAL SALES,560 ROCK RD,EAST DUNDEE,IL,60118,KANE,5.0,42.091915,-88.240937,423320
110054269420,H & G LIMESTONE PRODUCTS LLC,RR 1 BOX 258,ELIZABETHTOWN,IL,62931,HARDIN,5.0,37.498542,-88.200042,423320
110071871391,H & G LIMESTONE PRODUCTS LLC,639 RTE 146E,ELIZABETHTOWN,IL,62931,HARDIN,5.0,37.498542,-88.200042,423320
110002391180,VULCAN CONSTRUCTION MATERIALS LLC,1520 MIDWAY COURT,ELK GROVE VILLAGE,IL,60007,COOK,5.0,42.025849,-87.962267,423320
110001804539,LAFARGE CORPORATION,6626 W. CANAL BANK RD,FORESTVIEW,IL,60402,COOK,5.0,41.804486,-87.784666,423320
110007051475,HAMPSHIRE SAND & GRAVEL INC.,US HWY 20 @ ALLEN RD.,HAMPSHIRE,IL,60140,KANE,5.0,42.09957,-88.48138,423320
110042177612,BUZZI JOLIET CEMENT STORAGE & DISTRIBUTION TERMINAL,450 RAILROAD ST,JOLIET,IL,60436,WILL,5.0,41.514584,-88.091351,423320
110071872254,LAFARGE NORTH AMERICA INC,1955 PATTERSON RD,JOLIET,IL,60436,WILL,5.0,41.489024,-88.120019,423320
110025253561,LAFARGE NORTH AMERICA INC,1945 PATTERSON RD,JOLIET,IL,60436,WILL,5.0,41.492781,-88.109961,423320
110010026328,AMRIZE CEMENT INC.,ARCHER AVENUE AND ROUTE 83,LEMONT,IL,60439,COOK,5.0,41.700802,-87.937202,423320
110071871701,HOLCIM (US) INC,12805 GRANT RD,LEMONT,IL,60439,COOK,5.0,41.704115,-87.934327,423320
110001336974,RODERICK ENTERPRISES,5300 S LAWNDALE,MCCOOK,IL,60525,COOK,5.0,41.80194,-87.81638,423320
110032950028,BROMLEY EXCAVATING,9240 E SAHARA RD,MOUNT VERNON,IL,62864,JEFFERSON,5.0,38.329056,-88.974697,423320
110037159749,BROMLEY EXCAVATING,13452 N SHILOH DR,MOUNT VERNON,IL,62864,JEFFERSON,5.0,38.321871,-88.972516,423320
110007069714,SCATES GROUP INTERMODAL RIVER TERMINAL,3RD S CROSS ST,OLD SHAWNEETOWN,IL,62984,GALLATIN,5.0,37.692702,-88.137668,423320
110018326355,HEIDELBERG MATERIALS US CEMENT LLC,24764 W US 30,PLAINFIELD,IL,60544,WILL,5.0,41.639182,-88.222092,423320
110001810087,RIVER CEMENT SALES CO,625 FIRST AVENUE,ROCK ISLAND,IL,61201,ROCK ISLAND,5.0,41.512969,-90.419086,423320
110031464467,BROMLEY EXCAVATING,3782 HOTZE RD,SALEM,IL,62881,MARION,5.0,38.613736,-88.973988,423320
110043699646,AMERICA MATERIALS,800 IRVING PARK RD,SCHAUMBURG,IL,60193,COOK,5.0,41.993205,-88.099275,423320
110002352383,MINERAL RESOURCE TECHNOLOGIES LLC,13700 N DEARBORN AVE,SOUTH BELOIT,IL,61080,WINNEBAGO,5.0,42.463016,-89.020099,423320
110046376131,A & C LANDSCAPING,6001 W PERSHING RD,STICKNEY,IL,60804,COOK,5.0,41.821615,-87.773041,423320
110001805075,HOLCIM (US) INC,8001 W 59TH ST,SUMMIT,IL,60501,COOK,5.0,41.783225,-87.82185,423320
110072072150,VULCAN CONSTRUCTION MATERIALS LLC,3010 N OAK ST,URBANA,IL,61802,,5.0,40.145813,-88.224714,423320
110014321572,LAFARGE MIDWEST INC,315 SEA-HORSE DRIVE,WAUKEGAN,IL,60085,LAKE,5.0,42.363993,-87.824475,423320
110071655079,HEIDELBERG MATERIALS US CEMENT LLC,6330 COLUMBUS AVENUE,ANDERSON,IN,46013,,5.0,40.051491,-85.664071,423320
110071139396,KESSLER FIREBRICK,1125 W INDIANA ST,EVANSVILLE,IN,47710,VANDERBURGH,,37.97852,-87.58065,423320
110000397909,"ACS TECHNICAL PRODUCTS, INC.",420 S. COLFAX AVE.,GRIFFITH,IN,46319,LAKE,5.0,41.517222,-87.416111,423320
110070124490,ROSE BRICK,918 OLIVER PLOW CT,SOUTH BEND,IN,46601,ST JOSEPH,5.0,41.66866,-86.26421,423320
110071992779,HOLLINGSHEAD CEMENT YORKTOWN,2500 N PRIORITY WAY ST,YORKTOWN,IN,47356,DELAWARE COUNTY,5.0,40.21238,-85.55133,423320
110058892499,BUZZI UNICEM USA - BEL AIRE,10495 E 53RD ST N,BEL AIRE,KS,67226,SEDGWICK,7.0,37.781415,-97.214971,423320
110017554341,BUZZI UNICEM USA,1765 LIMESTONE LN,INDEPENDENCE,KS,67301,MONTGOMERY,7.0,37.211583,-95.6783,423320
110007364280,ASH GROVE CEMENT - KANSAS CITY CEMENT TERMINAL,620 SOUTHWEST BLVD,KANSAS CITY,KS,66117,WYANDOTTE,7.0,39.065185,-94.616564,423320
110006647067,ATS ASPHALT TERMINAL LLC,1645 JAGGIE FOX WAY,LEXINGTON,KY,40511,FAYETTE,4.0,38.08251,-84.51746,423320
110037482373,BUZZI UNICEM USA - PADUCAH TERMINAL,1816 WAYNE SULLIVAN DR,PADUCAH,KY,42003,MCCRACKEN,4.0,37.069532,-88.585111,423320
110020950416,PADUCAH MCCRACKEN CO RIVERPORT AUTHORITY,2000 WAYNE SULLIVAN DRIVE,PADUCAH,KY,42002,MCCRACKEN,4.0,37.06758,-88.58218,423320
110001245144,CONTINENTAL CEMENT CO LLC - NEW ORLEANS TERMINAL,2315 FRANCE ST,NEW ORLEANS,LA,70017,ORLEANS,6.0,29.977703,-90.02969,423320
110001251859,US LIME CO - SHREVEPORT,6000 ST VINCENT AVE,SHREVEPORT,LA,71106,CADDO,6.0,32.45265,-93.75877,423320
110018914086,LAFARGE BUILDING MATERIALS INC,285 MEDFORD STREET,BOSTON (CHARLESTOWN),MA,02129,SUFFOLK,1.0,42.3809,-71.06188,423320
110071267963,RC MELVILLE CONSTRUCTION LLC,9 CROSS ST,CARVER,MA,02330,PLYMOUTH,,41.877831,-70.791662,423320
110043489089,HYLKA CONSTRUCTION COMPANY,73 POTTER VILLAGE ROAD,CHARLTON,MA,01507,WORCESTER,1.0,42.09468,-71.91825,423320
110072028093,AGRETECH,50 JACKSON ST,DRACUT,MA,01826,MIDDLESEX,,42.666602,-71.242684,423320
110070130126,PA LANDERS INC,608 MAIN ST,MASHPEE,MA,02649,BARNSTABLE,1.0,41.66246,-70.49949,423320
110071813316,WJ GRAVES CONSTRUCTION CO,80 LEDGE RD,NORTH CHELMSFORD,MA,01886,MIDDLESEX COUNTY,1.0,42.644399,-71.41311,423320
110070550609,LEHIGH HANSON,21 WILBRAHAM ST,PALMER,MA,01069,HAMPDEN,1.0,42.1622,-72.34651,423320
110043941508,PEMBROKE CONCRETE PRODUCTS INC,793 WASHINGTON ST,PEMBROKE,MA,02359,PLYMOUTH,1.0,42.06398,-70.77377,423320
110001946333,"TREW STONE, LLC (PLANT #4)",658 BERKSHIRE AVE.,SPRINGFIELD,MA,01109,HAMPDEN,1.0,42.1383,-72.52645,423320
110009586661,SM LORUSSO & SONS,331 WEST ST,WALPOLE,MA,02081,NORFOLK,1.0,42.143598,-71.26767,423320
110015681671,WESTFIELD READY MIX INC,403 PAPERMILL RD.,WESTFIELD,MA,01085,HAMPDEN,1.0,42.128892,-72.71458,423320
110071537963,GRAVES GRANITE,0 LEDGE RD NORTH BRANCH,WESTFORD,MA,01886,,1.0,42.644155,-71.419941,423320
110002016005,GLENS FALLS LEHIGH CEMENT COMPANY,313 WARREN STREET,WILMINGTON,MA,01887,METROPOLITAN BOSTON,1.0,42.56547,-71.19502,423320
110013857558,GLENS FALLS LEHIGH NORTHEAST CEMENT,90 EAMES STREET,WILMINGTON,MA,01887,MIDDLESEX,1.0,42.527854,-71.157271,423320
110007272049,ST. LAWRENCE CEMENT,3800 HAWKINS POINT ROAD,BALTIMORE,MD,21226,BALTIMORE CITY,3.0,39.202116,-76.55186,423320
110019893846,J.WM. PARKER & SON,200 FRANKFURST AVENUE,BALTIMORE,MD,21225,BALTIMORE CITY,3.0,39.24168,-76.60269,423320
110001798047,CAPLAN BROTHERS,"700 HAMBURG STREET, WEST",BALTIMORE,MD,21230,BALTIMORE,3.0,39.280182,-76.625256,423320
110066957332,"CHEVRON USA, INC",1901 CHESAPEAKE AVE,CURTIS BAY,MD,21226,BALTIMORE CITY,,39.23801,-76.57446,423320
110071192034,IMAGE ASPHALT MAINTENANCE INC,8225 BALTIMORE ANNAPOLIS BLVD,PASADENA,MD,21122,ANNE ARUNDEL,,39.11963,-76.56613,423320
110042084570,"ST. MARYS CEMENT, INC. (U.S.)",16000  BELLS BAY RD,CHARLEVOIX,MI,49720,CHARLEVOIX,5.0,45.316951,-85.299349,423320
110064165692,HOLCIM (US) INC. D/B/A LAFARGE ESSEXVILLE TERMINAL,1601 SALINE ST,ESSEXVILLE,MI,48732,BAY,5.0,43.618026,-83.841106,423320
110067567582,MATCO - MANISTEE,1735 STATE STREET,MANISTEE,MI,49660,MANISTEE COUNTY,5.0,44.2302,-86.30386,423320
110012162603,BLUE WATER AGGREGATES,"501 BUSHA HWY, M-29",MARYSVILLE,MI,48040,ST CLAIR,5.0,42.92442,-82.46295,423320
110037966975,S. A. TORELLO INC.,3500 DOVE RD,PORT HURON,MI,48060,ST. CLAIR,5.0,42.95161,-82.4687,423320
110033137825,HOLCIM (US) INC. D/B/A LAFARGE ZILWAUKEE TERMINAL,900 N ADAMS RD,ZILWAUKEE,MI,48604,SAGINAW,5.0,43.484826,-83.921563,423320
110071873089,S. A. TORELLO INC.,,,MI,,MULTIPLE (PORTABLE FACILITIES),5.0,,,423320
110007095419,LAFARGE CORP,8TH AVE W & RR ST,DULUTH,MN,55802,ST LOUIS,5.0,46.926098,-92.915718,423320
110023038746,AKONA CORPORATION,1570 HALGREN RD,MAPLE PLAIN,MN,55359,HENNEPIN,5.0,45.00703,-93.66607,423320
110008808503,AGGREGATE INDUSTRIES - ROGERS READY MIX,14145 NORTHDALE BOULEVARD,ROGERS,MN,55374,HENNEPIN,5.0,45.21154,-93.55576,423320
110008823522,BULK SILOS,2145 CHILDS RD,SAINT PAUL,MN,55106,RAMSEY,5.0,44.931135,-93.046152,423320
110020715591,ALTER RIVER TERMINAL,751 BARGE CHANNEL RD,SAINT PAUL,MN,55107,RAMSEY,5.0,44.92247,-93.06027,423320
110068015301,BULK SILOS,2145 CHILDS RD,SAINT PAUL,MN,55106,RAMSEY,5.0,44.93022,-93.04632,423320
110001446659,CONTINENTAL CEMENT - RED ROCK TERMINAL,1363 REDROCK RD,SAINT PAUL,MN,55119,RAMSEY,5.0,44.8987,-93.0181,423320
110008817085,LAFARGE CORP - WINONA TERMINAL,850 E FRONT ST,WINONA,MN,55987,WINONA,5.0,44.04849,-91.6149,423320
110016659551,HOLCIM (US) INC - CLARKSVILLE PLANT,14744 HIGHWAY 79,CLARKSVILLE,MO,63336,PIKE,7.0,39.376973,-90.94547,423320
110071882751,HOLCIM (US) INC-CLARKSVILLE,14738 HIGHWAY 79,CLARKSVILLE,MO,63336,PIKE,7.0,39.374977,-90.945585,423320
110021161464,CHEMICAL LIME COMPANY-HOLLAND TERMINAL,SOUTH FIRST STREET,HOLLAND,MO,63853,PEMISCOT,7.0,36.0588,-89.8697,423320
110022883192,D&W PLUMBING & HEATING,201 BROWN LANE,LOUISIANA,MO,63353,PIKE,7.0,39.45147,-91.06408,423320
110001459948,JENNINGS AUTO PARTS,7221 WEST FLORISSANT,SAINT LOUIS,MO,63136,SAINT LOUIS,7.0,38.72098,-90.26725,423320
110001452286,CONTINENTAL CEMENT COMPANY INC-CONTINENTAL CEMENT,21 BROOKLYN,ST. LOUIS,MO,63102,ST. LOUIS CITY,7.0,38.64389,-90.18331,423320
110070066302,"PREFERRED MATERIALS INC, GAUTIER TERMINAL",2499 OLD SPANISH TRAIL,GAUTIER,MS,39553,JACKSON,4.0,30.38826,-88.65059,423320
110070066303,"PREFERRED MATERIALS INC, LONG BEACH TERMINAL",4127 EATON AVENUE,LONG BEACH,MS,39560,HARRISON,4.0,30.350209,-89.20189,423320
110064463780,"A.H. HARRIS & SONS, INC",5900 W WT HARRIS BLVD,CHARLOTTE,NC,28269,MECKLENBURG,,35.33682,-80.83128,423320
110021327704,HOLCIM (US) INC.,7245  OLD  MT  HOLLY  RD,CHARLOTTE,NC,28214,MECKLENBURG,4.0,35.27938,-80.92723,423320
110041031166,ASSOCIATED ASPHALT CHARLOTTE,1801 WESTINGHOUSE BLVD,CHARLOTTE,NC,28273,MECKLENBURG,4.0,35.12809,-80.94203,423320
110000604141,"DUKE ENERGY CAROLINAS, LLC - BELEWS CREEK STEAM STATION",3195 PINE HALL ROAD,WALNUT COVE,NC,27052,STOKES,4.0,36.281338,-80.059438,423320
110033140937,WILMINGTON CEMENT COMPANY,3330-B RIVER ROAD,WILMINGTON,NC,28412,NEW HANOVER,4.0,34.18473,-77.95176,423320
110007114764,ROANOKE CEMENT COMPANY,3651 PENN AVENUE,WINSTON-SALEM,NC,27105,FORSYTH,4.0,36.13615,-80.233654,423320
110001477535,HOLCIM (US) INC.,350 CASSELL ST.,WINSTON-SALEM,NC,27107,FORSYTH,4.0,36.05316,-80.23118,423320
110040499644,NEBRASKA SAND COMPANY LLC,1502 ALEX TRL,ELBA,NE,68835,HOWARD,7.0,41.2838,-98.5521,423320
110007124432,GD CONCRETE CONSTRUCTION,HIGHWAY 30 WEST,ELM CREEK,NE,68836,BUFFALO,7.0,40.718687,-99.3826,423320
110070072203,NEBCO CONCRETE MATERIALS,1815 Y ST,LINCOLN,NE,68508,LANCASTER,7.0,40.82449,-96.69442,423320
110071524324,ASH GROVE DAKOTA CLAY PIT,MYNARD RD,LOUISVILLE,NE,68037,,7.0,40.972547,-96.0771,423320
110013303451,"TIGER DOOR, INC.",6200 NORTH 16TH STREET,OMAHA,NE,68110,DOUGLAS,7.0,41.316592,-95.9375,423320
110071883588,CRUSHIN-IT INC,2505 S 28TH AVE,OMAHA,NE,68105,,7.0,41.234841,-95.9534,423320
110071871668,LAFARGE NORTH AMERICA,1106 IDA STREET,OMAHA,NE,68112,DOUGLAS,7.0,41.32056,-95.92786,423320
110040500115,NEBRASKA ASH,COUNTY ROAD 15,WAHOO,NE,68066,SAUNDERS,7.0,41.225484,-96.585654,423320
110071854705,NEBRASKA ASH,1511 COUNTY ROAD 15,WAHOO,NE,68066,SAUNDERS,7.0,41.221579,-96.582976,423320
110071241015,CARMEUSE PENNSYLVANIA INC PAVONIA RAIL TERMIN,24TH ST & SHERMAN AVE,"CAMDEN, CITY OF",NJ,08065,BURLINGTON COUNTY,2.0,39.948091,-75.093652,423320
110072081466,MARSHALL SERVICE INC,14 RENA ST,NEWFIELD,NJ,08344,GLOUCESTER COUNTY,2.0,39.54514,-75.0218,423320
110070255817,PASSAIC CRUSHED STONE CO INC,BROAD ST,POMPTON LAKES,NJ,07442,PASSAIC COUNTY,2.0,41.00567,-74.29796,423320
110040501123,HOLCIM (US) INC,5943 INDUSTRY WAY SE,ALBUQUERQUE,NM,87105,BERNALILLO,6.0,34.99596,-106.65938,423320
110038445581,"COYOTE GRAVEL PRODUCTS, INC.",9219 BROADWAY SE,ALBUQUERQUE,NM,87105,BERNALILLO,6.0,34.961947,-106.660508,423320
110041074663,DUNPHY FLY ASH TERMINAL,230 DUNPHY ROAD D6,BATTLE MOUNTAIN,NV,89820,LANDER,9.0,40.688382,-116.580574,423320
110059854634,CARLIN TRANSLOADING FACILITY,"CARLIN TRANSLOADING, 2 MI E OF CARLIN ON RAILROAD",CARLIN,NV,89822,ELKO,9.0,40.721014,-116.074071,423320
110021084495,3D CONCRETE LLC,20 RICCI RD,DAYTON,NV,89403,LYON,9.0,39.23649,-119.5866,423320
110001564003,ASH GROVE CEMENT COMPANY,320 UNION PACIFIC WAY,ELKO,NV,89801,ELKO,9.0,40.868568,-115.728579,423320
110071163262,GARDNERVILLE MATERIALS PLANT,1226 KIMMERLING RD,GARDNERVILLE,NV,89460,DOUGLAS,9.0,38.89488,-119.74916,423320
110038052175,GOLCONDA TRANSLOADING FACILITY,PO BOX 271,GOLCONDA,NV,89414,HUMBOLDT,9.0,40.96686,-117.4831,423320
110072091086,LAS VEGAS LIGHTING,3401 SAMMY DAVIS JR DR,LAS VEGAS,NV,89109,CLARK,9.0,,,423320
110041047845,PILOT PEAK PLANT,"W OF I-80 PILOT PEAK INT 398, 12.5 MI NW OF WENDOV",WEST WENDOVER,NV,89883,ELKO,9.0,40.81933,-114.23556,423320
110070434772,CRH US BUFFALO CEMENT TERMINAL,1751 FUHRMANN BLVD,BUFFALO,NY,14203,ERIE,2.0,42.83691,-78.85643,423320
110019682413,BATTAGLIA DEMOLITION,1037-1055 SENECA ST,BUFFALO,NY,14210,ERIE,2.0,42.87252,-78.83945,423320
110069460764,NASSAU COLISEUM,1255 HEMPSTEAD TNPK,UNIONDALE,NY,11553,NASSAU,2.0,40.719521,-73.589096,423320
110009605926,"KOSMOS CEMENT COMPANY, LLC - CINCINNATI TERMINAL",200 BARKLEY AVE,CINCINNATI,OH,45204,HAMILTON,5.0,39.07628,-84.60453,423320
110030492571,LONESTAR INDUSTRIES INC DBA BUZZI UNICEM USA,6347 RIVER ROAD,CINCINNATI,OH,45233,HAMILTON,5.0,39.1063,-84.68782,423320
110070544069,"OHIO RIVER AGGREGATE, INC.",48482 STATE ROUTE 7,CLARINGTON,OH,43915,MONROE COUNTY,5.0,39.775066,-80.865642,423320
110042259926,RYDER BRICK,4010 E. 116TH STREET,CLEVELAND,OH,44105,CUYAHOGA,5.0,41.44968,-81.60286,423320
110071715025,RL COLE ENTERPRISE INC,13404 ST CLAIR,CLEVELAND,OH,44110,CUYAHOGA,,41.545672,-81.589812,423320
110070551374,"AMRIZE GREAT LAKES, INC - RIVER DOCK",650 HARRISON ST,CLEVELAND,OH,44114,CUYAHOGA COUNTY,5.0,41.489832,-81.687922,423320
110042262271,"AMRIZE GREAT LAKES, INC - J DOCK",241 SCOTHAM AVENUE,CLEVELAND,OH,44113,CUYAHOGA,5.0,41.480973,-81.677938,423320
110006524617,ONTARIO STONE CORP.,1246 RIVER ROAD,CLEVELAND,OH,44113,CUYAHOGA,5.0,41.49619,-81.71092,423320
110070205386,"ST MARYS CEMENT INC. (U.S.), AKA ST. MARYS CEMENT CLEVE",250 JEFFERSON AVE.,CLEVELAND,OH,44113,CUYAHOGA COUNTY,5.0,41.48231,-81.6778,423320
110042148903,HEIDELBERG MATERIALS US CEMENT LLC,1101 ERIESIDE AVENUE EXTENSION,CLEVELAND,OH,44114,CUYAHOGA,5.0,41.508254,-81.694105,423320
110001621111,LAFARGE NORTH AMERICA,2500 ELM ST,CLEVELAND,OH,44113,CUYAHOGA,5.0,41.496477,-81.708539,423320
110039017266,OSBORNE CONCRETE & STONE,2100 WEST THIRD STREET,CLEVELAND,OH,44113,CUYAHOGA,5.0,41.48904,-81.68656,423320
110067427671,2285 ASHLAND ROAD,2285 ASHLAND ROAD,CLEVELAND,OH,44103,CUYAHOGA COUNTY,5.0,41.49673,-81.64507,423320
110062922351,ROHR BUILDING,6295 DRY FORK RD,CLEVES,OH,45002,HAMILTON,,39.20609,-84.77205,423320
110071992715,DALICANDRO GRAVEL YARD EAST,560 CLAYCRAFT ROAD,COLUMBUS,OH,43230,,5.0,39.99034,-82.85912,423320
110055582276,SCIOTO READY MIX PLANT # 52,1500 WILLIAMS RD,COLUMBUS,OH,43207,FRANKLIN,5.0,39.890003,-82.956667,423320
110070936798,"HEIDELBERG MATERIALS US CEMENT, LLC",1550 WILLIAMS RD,COLUMBUS,OH,43207,FRANKLIN COUNTY,5.0,39.889907,-82.9546,423320
110001618697,"SKYWAY CEMENT COMPANY, LLC",3155 HOMEWARD WAY,FAIRFIELD,OH,45014,BUTLER,5.0,39.33039,-84.50726,423320
110063898206,KOKOSING CONSTRUCTION CO INC.,17531 WATERFORD RD,FREDERICKTOWN,OH,43019,KNOX,5.0,40.4926,-82.56044,423320
110009654686,SMALL'S SAND AND GRAVEL (0142000058),10229 KILLDUFF RD,GAMBIER,OH,43022,KNOX,5.0,40.376627,-82.353419,423320
110071407824,KARMA MATERIALS,5151 WARNER ROAD,GARFIELD HEIGHTS,OH,44125,,5.0,41.42185,-81.63411,423320
110063889831,KOKOSING CONSTRUCTION CO.-PLANT 1,1314 FINDLAY RD,LIMA,OH,45801,ALLEN,5.0,40.75373,-84.08712,423320
110070132913,"SMITH MATERIAL SUPPLY, INC.",1571 NORTH MAIN STREET,MARION,OH,43302,MARION COUNTY,5.0,40.61872,-83.13163,423320
110071655104,ST. MARYS CEMENT NEWCOMERSTOWN TERMINAL,5937 EAST STATE ROAD,NEWCOMERSTOWN,OH,43832,,5.0,40.277791,-81.578856,423320
110064532037,HEISER SAND & GRAVEL CORP,4833 APPLEGROVE ST NW,NORTH CANTON,OH,44720,STARK,5.0,40.88887,-81.43709,423320
110070248452,ACME RESOURCES INC - SCREENING PLANT,11600 MAHONING AVE,NORTH JACKSON,OH,44451,MAHONING,5.0,41.09973,-80.865816,423320
110046384006,MARTIN MARIETTA MATERIALS TILTO,WALDEN ST.,TILTONSVILLE,OH,43963,JEFFERSON,5.0,40.17198,-80.69717,423320
110001987912,HOLCIM (US) INC,840 WATER STREET,TOLEDO,OH,43604,LUCAS,5.0,41.65542,-83.52673,423320
110007157101,WELLSVILLE TERMINALS COMPANY,16TH. AND NEVADA STREETS,WELLSVILLE,OH,43968,COLUMBIANA,5.0,40.599722,-80.651389,423320
110070256038,"ACME RESOURCES, INC.- WARRIOR 1800 SCREENER",9495 HARVARD BOULEVARD,YOUNGSTOWN,OH,44515,MAHONING COUNTY,5.0,40.986997,-80.651184,423320
110070255779,"ACME RESOURCES, INC.- HOOVER TTR30 STACKING CONVEYOR",9495 HARVARD BOULEVARD,YOUNGSTOWN,OH,44515,MAHONING COUNTY,5.0,40.986997,-80.651184,423320
110070256220,"ACME RESOURCES, INC.- KOLBERG 2440 STACKING CONVEYOR",9495 HARVARD BOULEVARD,YOUNGSTOWN,OH,44514,MAHONING COUNTY,5.0,40.986997,-80.651184,423320
110041693824,MAR-ZANE INC,1794 MOXAHALA AVE,ZANESVILLE,OH,43701,MUSKINGUM,,39.912429,-82.005075,423320
110000816573,BJ SVC CO / ARDMORE BULK CEMENT BLENDING FACLTY,1400 S. COMMERCE,ARDMORE,OK,73401,CARTER,6.0,34.15178,-97.14306,423320
110017843654,NUSTAR LOGISTICS LP/CATOOSA ASPHALT TERM,5575 E CHANNEL RD EXTENSION,CATOOSA,OK,74015,ROGERS,6.0,36.240382,-95.732826,423320
110064206773,AMRIZE CEMENT INC / EDMOND TERMINAL,4000 S KELLEY AVE,EDMOND,OK,73013,OKLAHOMA,6.0,35.51207,-97.49435,423320
110070566784,MINICK MATERIALS / EDMOND FACILITY,14141 N SANTA FE AVE,EDMOND,OK,73013,OKLAHOMA COUNTY,6.0,35.61379,-97.51378,423320
110013813196,VIKING CONCRETE CO / VIKING CONCRETE DRY CEMENT PLANT,30707 S 4240 RD,INOLA,OK,74036,ROGERS,6.0,36.16734,-95.45791,423320
110024410617,DOLESE BROS CO / OKC BLOCK PLANT,7100 S SUNNYLANE RD,OKLAHOMA CITY,OK,73135,OKLAHOMA,6.0,35.39616,-97.44127,423320
110001632617,TULSA CEMENT LLC DBA CENTRAL PLAINS CEM / 2728 SW 20,2728 SW 20TH ST,OKLAHOMA CITY,OK,73108,OKLAHOMA,6.0,35.44489,-97.56311,423320
110001632626,LONE STAR IND INC DBA BUZZI UNICEM USA- / LONE STAR INDUSTRIES OKC,4601 N E 4TH,OKLAHOMA CITY,OK,73117,OKLAHOMA,6.0,35.47147,-97.43706,423320
110012160277,MINICK MATERIALS / 326 N COUNCIL,326 N COUNCIL,OKLAHOMA CITY,OK,73127,OKLAHOMA,6.0,35.47039,-97.65426,423320
110001632608,ASH GROVE CEMENT CO / 2727 SW 25,2727 SW 25TH ST,OKLAHOMA CITY,OK,73108,OKLAHOMA,6.0,35.43932,-97.562,423320
110012175868,MASONS SUPPLY COMPANY,2637 SE 12TH AVE,PORTLAND,OR,97202,MULTNOMAH,10.0,45.50393,-122.65376,423320
110069430119,LEHIGH NORTHWEST CEMENT COMPANY,4035 SE 22ND AVE,PORTLAND,OR,97202,MULTNOMAH COUNTY,10.0,45.49337,-122.6428,423320
110071163318,CEMENT DISTRIBUTION CTR,3737 N PORT CENTER WAY,PORTLAND,OR,97217,MULTNOMAH,10.0,45.55393,-122.69597,423320
110014269460,ECO BUILDING PRODUCTS,2860 CHERRY AVE NE,SALEM,OR,97301,MARION,10.0,44.966538,-123.01942,423320
110002376232,DAYTON SUPERIOR CORP ALLENTOWN DISTRIBUTION CTR,7130 AMBASSADOR DRIVE,ALLENTOWN,PA,18106,LEHIGH,3.0,40.594458,-75.621533,423320
110000603525,ESSROC CEMENT CORP,17 2ND ST,BESSEMER,PA,16112,LAWRENCE,3.0,40.97412,-80.488461,423320
110070884735,HEIDELBERG MATERIALS US CEMENT BESSEMER PLT,SECOND STREET & EAST POLAND AVENUE,BESSEMER,PA,16112,LAWRENCE COUNTY,3.0,40.972238,-80.491724,423320
110071097331,BULLSKIN TIPPLE,114 NARROWS RD,CONNELLSVILLE,PA,15425,FAYETTE COUNTY,3.0,40.02814,-79.592355,423320
110070616480,EM RESOURCES LLC/MONTOUR PLT,304 STRAWBERRY RIDGE RD,DANVILLE,PA,17821,MONTOUR COUNTY,3.0,41.082745,-76.643328,423320
110071823481,BALTIMORE FABRICATION,1 CHURCH RD,EMIGSVILLE,PA,17365,,3.0,40.02,-76.722222,423320
110007744744,TRENWYTH INDUSTRIES - TRENDSTONE PLANT,ONE CHURCH RD.,EMIGSVILLE,PA,17318,YORK,3.0,40.0188,-76.724138,423320
110070099870,COMMERCIAL ASPHALT SUPPLY FENNELTON,3000 OLD ROUTE 422 E,FENELTON,PA,16034,BUTLER COUNTY,3.0,40.85166,-79.71301,423320
110071671302,GREENCASTLE DG,650 N ANTRIM WAY,GREENCASTLE,PA,17225,,3.0,39.799444,-77.725278,423320
110001161171,SHEESLEY SUPPLY - HORNER AVE,837 HORNER STREET,JOHNSTOWN,PA,15902,CAMBRIA,3.0,40.30607,-78.91138,423320
110001100175,KOSMOS CEMENT,200 NEVILLE RD,NEVILLE ISLAND,PA,15225,ALLEGHENY,3.0,40.49214,-80.07991,423320
110007336524,COLLIER STONE - MCSHANE QUARRY,80 NOBLESTOWN ROAD,PENNSYLVANIA,PA,15106,ALLEGHENY,3.0,40.39765,-80.13064,423320
110022796189,"BRYAN FRANK, INC.",100 S 3RD ST,PITTSBURGH,PA,15219,ALLEGHENY,3.0,40.430469,-79.997292,423320
110070569547,ALLAN MYERS LP DBA ALLAN MYERS MATERIALS/READING ASPH PLT,5662 LEESPORT AVENUE,READING,PA,19605,BERKS,3.0,40.42045,-75.92862,423320
110001060887,LEE CONCRETE PROD/WINDBER,648 SEANOR RD,WINDBER,PA,15963,SOMERSET,3.0,40.23268,-78.85997,423320
110071068503,KINSLEY CONSTRUCTION BENEFICIAL USE SW,500 HOKES MILL RD,YORK,PA,17405,YORK COUNTY,3.0,39.941389,-76.76,423320
110070685380,KINSLEY CONSTRUCTION SANDBANK QUARRY,532 SAND BANK RD,YORK,PA,17402,YORK COUNTY,3.0,39.990833,-76.720833,423320
110042353459,MATERIAL SAND AND STONE,618 GREENVILLE ROAD,NORTH SMITHFIELD,RI,02896,PROVIDENCE,1.0,41.949732,-71.558882,423320
110070067253,ST. MARYS CEMENT PROVIDENCE CEMENT RECEIVING & DISTRIBUTION TERMINAL,39 NEW YORK AVENUE,PROVIDENCE,RI,02905,PROVIDENCE COUNTY,1.0,41.792794,-71.388732,423320
110058371088,HOLCIM US,139 TERMINAL RD,PROVIDENCE,RI,02905,PROVIDENCE,1.0,41.796302,-71.391233,423320
110020143753,MARTIN MARIETTA MATERIALS INC/HARBISON QUARRY,END OF LOST CREEK DRIVE,COLUMBIA,SC,29212,RICHLAND,4.0,34.115932,-81.12657,423320
110024822147,BLUEGRASS MATERIALS COMPANY LLC/CALHOUN MINE,166 SAND HILL LANE,GASTON,SC,29053,CALHOUN,4.0,33.870649,-81.109958,423320
110001670040,HOLNAM GEORGETOWN,31 PIER ROAD,GEORGETOWN,SC,29442,GEORGETOWN,4.0,33.35982,-79.28794,423320
110020149034,BLUEGRASS MATERIALS CO LLC/OLD CHARLESTON MINE,2916 OLD CHARLESTON RD,GILBERT,SC,29054,LEXINGTON,4.0,33.8914,-81.35357,423320
110007027092,PARTHENON MARBLE PRODUCTS INC,P. DAVIS PK-106 INTERSTATE BLV,GREENVILLE,SC,29615,GREENVILLE,4.0,34.862075,-82.310403,423320
110001670273,NATIONAL CEMENT COMPANY,1020 OLD STAGE RD,GREENVILLE,SC,29601,GREENVILLE,4.0,34.75555,-82.27286,423320
110001673804,TOP OF THE LINE,559 BEAUDROT RD,GREENWOOD,SC,29649,GREENWOOD,4.0,34.204815,-82.198765,423320
110002329276,INMAN STONE CO INC,1121 HWY 292,INMAN,SC,29349,SPARTANBURG,4.0,35.068952,-82.077428,423320
110007828850,MARTIN MARIETTA MATERIALS INC/GEORGETOWN II QUARRY,SC HWY 45,JAMESTOWN,SC,29453,BERKELEY,4.0,33.24128,-79.638021,423320
110009796051,BLUEGRASS MATERIALS COMPANY LLC/EDMUND MINE,115 BARRIER LN,LEXINGTON,SC,29073,LEXINGTON,4.0,33.913466,-81.184454,423320
110001665608,CHEM-MARINE TERMINAL,1000 EAST MONTAGUE AVENUE,NORTH CHARLESTON,SC,29405,CHARLESTON,4.0,32.88137,-79.97332,423320
110069566847,METROMONT:SPARTANBURG I-85,475 SIMUEL RD,SPARTANBURG,SC,29303,SPARTANBURG COUNTY,4.0,34.97779,-81.98038,423320
110008550139,HOLNAM INCORPORATED SPARTANBURG PORTLAND CEMENT DISTRIBUT,920 MONKS GROVE CHURCH ROAD,SPARTANBURG,SC,29303,SPARTANBURG,4.0,34.99366,-82.01844,423320
110044306408,BORAL BRICKS INC SUMMERVILLE BRICK MANF PLT,121 MELLICHAMP RD,SUMMERVILLE,SC,99999,DORCHESTER,4.0,33.04061,-80.21321,423320
110009811917,MARTIN MARIETTA MATERIALS INC/RION QUARRY,END OF STATE RD 105,WINNSBORO,SC,29132,FAIRFIELD,4.0,34.299409,-81.126823,423320
110071821479,WINNSBORO CRUSHED STONE LLC/WINNSBORO QUARRY MINE,ROCKTON THRUWAY RD,WINNSBORO,SC,29180,FAIRFIELD,4.0,34.337778,-81.049444,423320
110038047618,FORMATOP COMPANY INC.,101 N. FRANKLIN AVE.,SIOUX FALLS,SD,57117,MINNEHAHA,8.0,43.54767,-96.71704,423320
110001676277,GCC DACOTAH,5100 W 9TH,SIOUX FALLS,SD,57107,MINNEHAHA,8.0,43.54803,-96.78843,423320
110038106714,GCC DACOTAH,SD HIGHWAY 14,VOLGA,SD,57071,BROOKINGS,8.0,,,423320
110000493127,CUMBERLAND,815 CUMBERLAND CITY RD,CUMBERLAND CITY,TN,37050,STEWART,4.0,36.3903,-87.6539,423320
110057813013,"HOLCIM, INC.",2169 CHANNEL AVE,MEMPHIS,TN,38113,SHELBY,4.0,35.087864,-90.113559,423320
110001857642,CONTINENTAL CEMENT COMPANY,48 HENRY STREET,MEMPHIS,TN,38107,SHELBY,4.0,35.16619,-90.04563,423320
110070003472,YARDWORKS INC,4921 HICKORY HILL RD,MEMPHIS,TN,38141,SHELBY,4.0,35.01386,-89.86519,423320
110070001801,"YARDWORKS, INC.",6195 E. SHELBY DRIVE,MEMPHIS,TN,38141,SHELBY,4.0,35.02038,-89.85658,423320
110070566831,"CONTINENTAL CEMENT COMPANY, LLC",2549 CHANNEL AVENUE,MEMPHIS,TN,38113,SHELBY COUNTY,4.0,35.08216,-90.12451,423320
110040438247,VULCAN MATERIALS COMPANY - MEMPHIS,1074 HARBOR AVENUE,MEMPHIS,TN,38113,SHELBY,4.0,35.10789,-90.09122,423320
110070005515,ROZELLE PLANT,1580 ROZELLE ST,MEMPHIS,TN,38106,SHELBY,4.0,35.10206,-90.00633,423320
110071871343,PINE BLUFF MATERIALS CO.,1030 VISCO DRIVE,NASHVILLE,TN,37210,DAVIDSON,4.0,36.16222,-86.74,423320
110001676865,HOLCIM (US) INC.,840 VISCO DR,NASHVILLE,TN,37210,DAVIDSON,4.0,36.15779,-86.74755,423320
110001677061,RIVER CEMENT SALES CO. DBA BUZZI UNICEM,1818 CEMENT PLANT ROAD,NASHVILLE,TN,37208,DAVIDSON,4.0,36.186,-86.7852,423320
110001858482,LONE STAR IND DBA BUZZI UNICEM USA,1702 2ND AVE NORTH,NASHVILLE,TN,37208,DAVIDSON,4.0,36.18696,-86.78774,423320
110072109123,NASHVILLE RAIL YARD,713 LEBANON PIKE,NASHVILLE,TN,37210,DAVIDSON,4.0,36.15382,-86.74769,423320
110040511434,"ROGERS GROUP, INC.",711 LEBANON PIKE,NASHVILLE,TN,37210,DAVIDSON,4.0,36.15382,-86.74769,423320
110035031729,TXI CELINA AGGREGATE TERMINAL,11481 COUNTY ROAD 53,CELINA,TX,75009,COLLIN,6.0,33.293665,-96.790248,423320
110005055313,O'NEAL STEEL INC,9500 CLINTON DR,HOUSTON,TX,77029,HARRIS,6.0,29.7364,-95.2621,423320
110009784304,CEMEX CEMENT OF TEXAS NAVIGATION TERMINAL,5303 NAVIGATION,HOUSTON,TX,77011,HARRIS,6.0,29.749826,-95.319872,423320
110071355477,SIKA CORPORATION LEWISVILLE WAREHOUSE,2075 MIDWAY RD,LEWISVILLE,TX,75056,DENTON,,33.04678,-96.927823,423320
110071658352,THOMPSON FAMILY TRUST,17687 COUNTY ROAD 480,LINDALE,TX,75771,SMITH,6.0,32.52134,-95.461478,423320
110071729303,PIT32,16 W LINDALE TO CR 32 TAKE R SOUTH 1.6 MILES ON WE,LINDALE,TX,75771,SMITH,6.0,32.51147,-95.30973,423320
110030818159,EAST TEXAS ASPHALT LIVINGSTON,360 S FM 1988,LIVINGSTON,TX,77351,POLK,6.0,30.690833,-94.9525,423320
110030818097,EAST TEXAS ASPHALT,2406 SPENCE ST,LUFKIN,TX,75904,ANGELINA,6.0,31.37106,-94.71647,423320
110071898044,BURNCO,350 COUNTY ROAD 4905,TRENTON,TX,75490,FANNIN,6.0,33.42037,-96.32236,423320
110008177187,AMCOR MASONRY PRODUCTS,333 SOUTH REDWOOD ROAD,NORTH SALT LAKE,UT,84054,DAVIS,8.0,40.83745,-111.93336,423320
110043515906,BAKER'S CONSTRUCTION & EXCAVATION,21500 VANCES MILL ROAD,ABINGDON,VA,24210,WASHINGTON,3.0,36.686291,-81.983784,423320
110064349076,CELTIC DEMOLITION - PORTABLE,2050 BALLENGER AVE SUITE 200,ALEXANDRIA,VA,22314,ALEXANDRIA CITY,3.0,38.8027,-77.06494,423320
110070832791,CRUSH LLC,7164 LEE HWY,ATKINS,VA,24311,SMYTH COUNTY,3.0,,,423320
110015971769,OLDCASTLE STONE PRODUCTS - BUCHANAN PLANT,HIGHWAY 43 EAST,BUCHANAN,VA,24066,BOTETOURT,3.0,37.526669,-79.668272,423320
110056299250,LASTING-COASTLINE INC - PORTABLE 61676,3900 SHANNON ST,CHESAPEAKE,VA,23324,CHESAPEAKE,3.0,36.78797,-76.29474,423320
110002458947,ROANOKE CEMENT COMPANY C/O TITAN AMERICA LLC,1332 PRIORITY LANE,CHESAPEAKE,VA,23324,CHESAPEAKE CITY,3.0,36.81427,-76.284128,423320
110001890847,ARGOS USA LLC - CHESAPEAKE CEMENT TERMINAL,100 PRATT STREET,CHESAPEAKE,VA,23324,CHESAPEAKE,3.0,36.77986,-76.30501,423320
110067011897,HEIDELBERG MATERIALS US CEMENT LLC,13021 RAMBLEWOOD DR,CHESTER,VA,23836,CHESTERFIELD COUNTY,3.0,37.34841,-77.3923,423320
110045434099,STONETECH LLC - PORTABLE 61544,12165 MAPP AVE,EXMORE,VA,23350,NORTHAMPTON,3.0,37.532291,-75.821531,423320
110001910996,ROANOKE CEMENT CO TRANSFER FACILITY,33 PREZANIS WAY,FRONT ROYAL,VA,22630,WARREN,3.0,38.9716,-78.17596,423320
110061078453,OLD SCHOOL CRUSHING COMPANY - PORTABLE 52443,1922 W PEMBROKE AVE,HAMPTON,VA,23661,HAMPTON,3.0,37.01011,-76.38943,423320
110007321683,BOXLEY MATERIALS COMPANY - LYNCHBURG BLOCK PLANT,SACKETT STREET,LYNCHBURG,VA,24504,LYNCHBURG,3.0,37.38781,-79.15092,423320
110072120255,GLEN-GERY MANASSAS SUPPLY CENTER,"7413 CUSHING ROAD, SUITE 100",MANASSAS,VA,20109,PRINCE WILLIAM,3.0,38.79368,-77.56153,423320
110054871803,DEMOLITION SERVICES INCORPORATED - PORTABLE 52444,8136 FLANNERY COURT,MANASSAS,VA,20109,PRINCE WILLIAM,3.0,38.782309,-77.55721,423320
110054880928,MARTIN MARIETTA MATERIALS  LOUISA STONE YARD,434 JOHNSON ROAD,MINERAL,VA,23117,LOUISA,3.0,38.01091,-77.86815,423320
110001890990,CEDAR MOUNTAIN STONE - MITCHELLS,10496 QUARRY DRIVE,MITCHELLS,VA,22729,CULPEPER,3.0,38.35208,-78.04266,423320
110001907385,MOTHER EARTH MATERIALS,6109 JEFFERSON AVENUE,NEWPORT NEWS,VA,23601,NEWPORT NEWS CITY,3.0,37.02185,-76.44618,423320
110071541251,VULCAN SKIFFIES CREEK SALES YARD,313 O'HARA LANE,NEWPORT NEWS,VA,23603,,3.0,37.19436,-76.57441,423320
110016710362,MACSONS INC - PORTABLE 61625,408 W 25TH STREET,NORFOLK,VA,23517,NORFOLK,3.0,36.87184,-76.28909,423320
110002030917,VULCAN CONSTRUCTION MATERIALS LLC - NORFOLK YARD - PORTABLE 61140,3145 VIRGINIA BEACH BLVD,NORFOLK,VA,23504,NORFOLK CITY,3.0,36.85304,-76.24748,423320
110006520167,HEIDELBERG MATERIALS US CEMENT LLC - NORFOLK TERMINAL,8791 HAMPTON BOULEVARD,NORFOLK,VA,23505,NORFOLK,3.0,36.932036,-76.318105,423320
110001912048,AMERICAN CONCRETE SERVICES INC - NORFOLK,3478 WESTMINISTER AVENUE,NORFOLK,VA,23504,NORFOLK,3.0,36.84292,-76.24219,423320
110067157613,NORTHWEST SCREENING INC II,15496 RIVERSIDE DRIVE,OAKWOOD,VA,24631,BUCHANAN COUNTY,3.0,37.236424,-82.058109,423320
110043294173,BLUE PHOENIX INASHCO RICHMOND INC - PORTABLE 52358,2001 CHARLES CITY RD,RICHMOND,VA,23231,HENRICO,3.0,37.58991,-77.52987,423320
110043515933,JW DEMOLITION LLC - PORTABLE 52269,111 HULL ST,RICHMOND,VA,23224,RICHMOND (CITY),3.0,37.52611,-77.43599,423320
110061064413,OLD SCHOOL CRUSHING COMPANY - PORTABLE 52492,2106 DEEPWATER TERMINAL RD,RICHMOND,VA,23234,CHESTERFIELD,3.0,37.49362,-77.43114,423320
110015321935,ROANOKE CEMENT COMPANY,2800 N HOPKINS RD,RICHMOND,VA,23224,RICHMOND CITY,3.0,37.50368,-77.44862,423320
110001888128,ROANOKE BLOCK - PLANT 716,1510 WALLACE AVENUE,ROANOKE,VA,24012,ROANOKE CITY,3.0,37.28471,-79.91485,423320
110024552303,HD SUPPLY CONSTRUCTION SUPPLY LTD (WC0206),8090 ALBAN RD,SPRINGFIELD,VA,22150,FAIRFAX,3.0,38.73725,-77.19396,423320
110067011398,EM RESOURCES LLC,2429 FERRY RD,VIRGINIA BEACH,VA,23455,VIRGINIA BEACH CITY,3.0,36.907134,-76.181343,423320
110070824209,WITCHDUCK DEVELOPMENT INC - PORTABLE 61827,122 MAC ST,VIRGINIA BEACH,VA,23462,VIRGINIA BEACH CITY,3.0,36.83806,-76.156,423320
110001904556,HEIDELBERG MATERIALS US CEMENT LLC,500 DELAWARE AVE,WAYNESBORO,VA,22980,WAYNESBORO,3.0,38.0916,-78.86713,423320
110061078505,LOGAN AGGREGATE RECYCLING INC - PORTABLE 52416,1515 TYSON DRIVE,WINCHESTER,VA,22601,FREDERICK,3.0,39.21892,-78.15442,423320
110001912734,HILLS TRUCKING CO - CINDER SCREEN/LOADOUT,RT 58,WOODLAWN,VA,24381,CARROLL,3.0,36.705278,-80.853333,423320
110071887591,COSENTINO SEATTLE,19024 62ND AVE S,KENT,WA,98032,KING,10.0,47.43874,-122.240845,423320
110071710724,GLACIER NW SEATTLE AGGREGATE YARD,3838 W MARGINAL WAY SW GLACIER,SEATTLE,WA,98124,KING,10.0,47.568722,-122.351425,423320
110043240132,DAYTON SUPERIOR CORP SUMNER,13605 52ND ST E,SUMNER,WA,98390,PIERCE,10.0,47.21098,-122.24993,423320
110060272734,WALRATH MARINE,2224 MARINE VIEW DR,TACOMA,WA,98422,PIERCE,10.0,47.274944,-122.379807,423320
110071454056,QUICK SUPPLY,N7302 WISCONSIN 47,BLACK CREEK,WI,54106,OUTAGAMIE,5.0,44.503884,-88.449034,423320
110070345523,LAFARGEHOLCIM,125 9TH ST,GREEN BAY,WI,54304,BROWN,5.0,44.50123,-88.0272,423320
110012625793,HOLCIM (US) INC,618 CROSS STREET,LA CROSSE,WI,54601,LA CROSSE,5.0,43.80855,-91.25604,423320
110070635631,DEBARR TRUCKING CO INC,872 STAUNTON TURNPIKE,PARKERSBURG,WV,26104,WOOD,,39.216408,-81.502549,423320
