registry_id,fac_name,fac_street,fac_city,fac_state,fac_zip,fac_county,fac_epa_region,latitude,longitude,naics_code
110017691648,HALLIBURTON BULK CEMENT FACILITY,1429 MINNIE ST,FAIRBANKS,AK,99701,FAIRBANKS NORTH STAR,10.0,64.850192,-147.733905,327310
110017691657,HALLIBURTON ENERGY / NIKISKI BULK CEMENT,52300 NIKISKI BEACH RD,KENAI,AK,99611,KENAI PENINSULA,10.0,60.737076,-151.30697,327310
110001716732,"DEPENDABLE BAGGING OF ALABAMA, INC.",708 1ST AVENUE NORTH,BIRMINGHAM,AL,35203,JEFFERSON,4.0,33.5064,-86.82273,327310
110038636937,READY MIX USA INC.,2800 24TH STREET NORTH,BIRMINGHAM,AL,35207,JEFFERSON,4.0,33.5489,-86.82002,327310
110001713655,"CEMEX,INC, BIRMINGHAM TERMINAL",4700 SHUTTLESWORTH ROAD,BIRMINGHAM,AL,35207,JEFFERSON,4.0,33.570864,-86.793419,327310
110038636107,HOLNAM INC,3740 JEFFERSON AVE,BIRMINGHAM,AL,35221,JEFFERSON,4.0,33.45637,-86.89549,327310
110000589015,ARGOS CEMENT LLC. - ROBERTA PLANT,8039 HIGHWAY 25,CALERA,AL,35040,SHELBY,4.0,33.1043,-86.7985,327310
110007233421,"CEMEX, INC.",STATE DOCKS RD,DECATUR,AL,35601,MORGAN,4.0,34.636944,-87.037222,327310
110038616600,LEFARGE,802 WILSON RD NW,DECATUR,AL,35601,MORGAN,4.0,34.621448,-86.994788,327310
110000741298,SYSTECH ENVIRONMENTAL CORP,ARCOLA ROAD,DEMOPOLIS,AL,36732,MARENGO,4.0,32.51256,-87.795181,327310
110000369645,CEMEX INC DEMOPOLIS PLANT,1617 ARCOLA ROAD,DEMOPOLIS,AL,36732,MARENGO,4.0,32.5127,-87.815631,327310
110038165936,HM CEMENT SOUTHEAST LLC,8401 SECOND AVENUE,LEEDS,AL,35094,JEFFERSON,4.0,33.5401,-86.5435,327310
110038613676,ALLIED PRODUCTS COMPANY,3740 BESSEMER AVE,MIDFIELD,AL,35221,JEFFERSON,4.0,33.457356,-86.895742,327310
110043730200,BIRMINGPORT BARGE FACILITY,2530 ATWOOD FERRY ROAD,MULGA,AL,35118,JEFFERSON,4.0,33.58553,-87.11147,327310
110001715476,CEMEX,126 TELEGRAPH RD,PRICHARD,AL,36610,MOBILE,4.0,30.73363,-88.06487,327310
110056970167,"NATIONAL CEMENT COMPANY OF ALABAMA, INC.",80 NATIONAL CEMENT DRIVE,RAGLAND,AL,35131,ST. CLAIR,4.0,33.733584,-86.155217,327310
110038636946,NATIONAL CEMENT CO,VANDERBILT ROAD,TARRANT,AL,35217,JEFFERSON,4.0,,,327310
110000369360,HOLCIM (US) INC.,3051 HAMILTON BLVD,THEODORE,AL,36582,MOBILE,4.0,30.5349,-88.1121,327310
110000597729,ASH GROVE CEMENT COMPANY,4343 HWY 108W,FOREMAN,AR,71836,LITTLE RIVER,6.0,33.6936,-94.4166,327310
110002129795,DUCOMMUN LABARGE ELECTRONICS,403 LABARGE AVENUE,HUNTSVILLE,AR,72740,MADISON,6.0,36.088947,-93.731895,327310
110038633510,"HOLNAM, INC",OFF HWY 355,SARATOGA,AR,71859,HOWARD,6.0,,,327310
110015752844,AZ DOT (#2 MINI-STORAGE RENTALS),2615-2623 HWY 95,BULLHEAD CITY,AZ,86442,MOHAVE,9.0,35.09034,-114.59808,327310
110000472257,PHOENIX CEMENT,3000 W CEMENT PLANT RD,CLARKDALE,AZ,86324,YAVAPAI,9.0,34.77189,-112.07546,327310
110070834974,PHOENIX CEMENT - CLARKDALE,601 NORTH CEMENT PLANT ROAD,CLARKDALE,AZ,86324,YAVAPAI,9.0,34.779716,-112.083801,327310
110008254833,CTI CLARKDALE SITE,889 A N TO CEMENT PLANT ROAD,CLARKDALE,AZ,86324,YAVAPAI,9.0,34.775154,-112.07736,327310
110038167550,CALPORTLAND - RILLITO CEMENT PLANT,11115 N CASA GRANDE HWY,MARANA,AZ,85653,PIMA,9.0,32.4097,-111.1513,327310
110020516226,CALPORTLAND CO TANGERINE PLANT,10200 W TANGERINE RD,MARANA,AZ,85653,PIMA,9.0,32.42252,-111.1661,327310
110046279647,DRAKE CEMENT,5001 E DRAKE RD,PAULDEN,AZ,86334,YAVAPAI,9.0,34.9811,-112.376291,327310
110071161163,DRAKE CEMENT,5001 E. DRAKE RD.,PAULDEN,AZ,86334,YAVAPAI COUNTY,9.0,34.98533,-112.37044,327310
110071369136,"MERIT INTERCHANGE 3,4",PORTABLE,PHOENIX,AZ,85395,,9.0,,,327310
110071155225,QUALITY PORTABLE #3,PO BOX,PHOENIX,AZ,85008,MARICOPA COUNTY,9.0,,,327310
110072112016,TOTAL READY MIX,1110 W WASHINGTON ST,PHOENIX,AZ,85007,,9.0,33.44818,-112.08776,327310
110070840230,CALPORTLAND COMPANY RILLITO PLANT,11115 NORTH CASA GRANDE HIGHWAY,RILLITO,AZ,85654,PIMA COUNTY,9.0,32.4108,-111.15055,327310
110009524611,CPC SOUTHWEST MATERIALS,6601 N CASA GRANDE HWY,TUCSON,AZ,85743,PIMA,9.0,32.3232,-111.05453,327310
110015583126,CPC SOUTHWEST MATERIALS VALENCIA PLANT,11800 E VALENCIA RD,TUCSON,AZ,85747,PIMA,9.0,32.11909,-110.73866,327310
110070318467,CEMEX CONSTRUCTION MATERIALS PACIFIC LLC,25220 BLACK MOUNTAIN QUARRY ROAD,APPLE VALLEY,CA,92308,SAN BERNARDINO COUNTY,9.0,34.39654,-117.150005,327310
110000783206,CEMEX CALIFORNIA CEMENT LLC,25220 BLACK MOUNTAIN QUARRY RD,APPLE VALLEY,CA,92307,SAN BERNARDINO,9.0,34.615769,-117.186412,327310
110071765232,CEMEX - BLACK MOUNTAIN QUARRY PLANT,25220 BLACK MTN QUARRY RD,APPLE VALLEY,CA,92307,SAN BERNARDINO,9.0,34.6222,-117.1001,327310
110001159040,VULCAN MATERIALS CO,8517 PANAMA LANE,BAKERSFIELD,CA,93311,KERN,9.0,35.29616,-119.09769,327310
110013286292,SERVICE ROCK PRODS  INC  BARSTOW,2820 E. MAIN ST.,BARSTOW,CA,92311,SAN BERNARDINO,9.0,34.878412,-116.968844,327310
110002339791,SIERRA PACIFIC BURNEY FACILITY,36336 HIGHWAY 299 EAST,BURNEY,CA,96013,SHASTA,9.0,40.8774,-121.7019,327310
110022524534,SERVICE ROCK PRODUCTS INC CALIFORNIA CITY N OF LANCASTER,7900 MOSS AVE,CALIFORNIA CITY,CA,93505,KERN,9.0,35.10157,-117.98788,327310
110070800945,ARELAC INC,251 E HACIENDA AVE STE B,CAMPBELL,CA,95008,SANTA CLARA,,37.268619,-121.954837,327310
110021137134,A&A CONCRETE SUPPLY INC CHICO PLANT,3578 ESPLANADE,CHICO,CA,95973,BUTTE COUNTY,9.0,39.78215,-121.88718,327310
110021012045,CALPORTLAND CO COLTON PLANT,695 S RANCHO AVE,COLTON,CA,92324,SAN BERNARDINO,9.0,34.0595,-117.3432,327310
110000484039,LEHIGH SOUTHWEST CEMENT COMPANY,24001 STEVENS CREEK BLVD,CUPERTINO,CA,95014,SANTA CLARA,9.0,37.318059,-122.092632,327310
110006820306,RMC PACIFIC MATERIALS (DBA CEMEX),700 HIGHWAY 1,DAVENPORT,CA,95017,SANTA CRUZ,9.0,37.015627,-122.19902,327310
110020516618,CATALINA PACIFIC CONCRETE CO EL SEGUNDO PLANT,339 S AVIATION BLVD,EL SEGUNDO,CA,90245,LOS ANGELES,9.0,33.91258,-118.3787,327310
110064920279,ROOCO RENTS,9182 SURVEY RD,ELK GROVE,CA,95624,SACRAMENTO,9.0,38.3754,-121.35789,327310
110025333137,HANSON AGGREGATES PACIFIC SOUTHWEST,550 N TULIP ST,ESCONDIDO,CA,92025,SAN DIEGO,9.0,33.11948,-117.09851,327310
110071740678,CEMEX CONSTRUCTION MATERIALS P,4964 PEABODY ROAD,FAIRFIELD,CA,94533,SOLANO,9.0,38.28001,-121.96958,327310
110041408893,ASSOCIATED READY MIX,25901 TOWNE CENTER DR,FOOTHILL RANCH,CA,92610,ORANGE,9.0,33.67977,-117.67817,327310
110025333217,SERVICE ROCK PRODUCTS INC FORT IRWIN,58825 FORT IRWIN RD,FORT IRWIN,CA,92310,SAN BERNARDINO,9.0,35.2522,-116.69726,327310
110013285612,TRIANGLE ROCK PRODUCTS,3193 E. MANNING AVE.,FOWLER,CA,93625,FRESNO,9.0,36.605412,-119.733315,327310
110060347780,CALPORTLAND COMPANY,2025 E. FINANCIAL WAY,GLENDORA,CA,91741,LOS ANGELES,9.0,34.12939,-117.82616,327310
110001175932,BUILTRIGHT CONSTRUCTION,623 SYCAMORE ST,HAYWARD,CA,94545,ALAMEDA,9.0,37.66148,-122.08045,327310
110070089203,A R M C INDIO PLANT,35100 DILLON RD,INDIO,CA,92203,RIVERSIDE COUNTY,9.0,33.70295,-116.18728,327310
110028001178,SYSTECH ENVIRONMENTAL CORP NATIONAL CEMENT CO,5 MILES N.E. OF I-5 OFF STATE RTE. 138,LEBEC,CA,93243,KERN,9.0,34.818396,-118.75155,327310
110071764374,NATIONAL CEMENT CO,5 MI. N OF HWY 138-5 MI E/I-5,LEBEC,CA,93243,KERN,9.0,34.820392,-118.749815,327310
110071162504,NATIONAL CEMENT CO OF CALIFORNIA INC,,LEBEC,CA,93243,,9.0,34.819863,-118.748732,327310
110000601180,NATIONAL CEMENT CO,5 MI OFF I-5 ON HWY 138,LEBEC,CA,93243,KERN,9.0,34.814772,-118.74802,327310
110041359785,MITSUBISHI CEMENT CORPORATION,1150 PIER F BERTH 208 AVE,LONG BEACH,CA,90802,LOS ANGELES,9.0,33.74772,-118.21514,327310
110063002156,"ASSOCIATED READY MIXED CONCRETE, INC.",2730 E WASHINGTON BLVD,LOS ANGELES,CA,90023,LOS ANGELES,9.0,34.01735,-118.22222,327310
110000601162,MITSUBISHI CEMENT CO,5808 HWY 18,LUCERNE VALLEY,CA,92356,SAN BERNARDINO,9.0,34.41648,-116.910092,327310
110070081921,MITSUBISHI CEMENT - CUSHENBURY PLANT,5808 STATE HIGHWAY 18,LUCERNE VALLEY,CA,92356,SAN BERNARDINO,9.0,34.3545,-116.8532,327310
110017431233,CA PORTLAND CEMENT CO,9350 OAK CREEK RD,MOJAVE,CA,93501,KERN,9.0,35.029298,-118.316236,327310
110070797094,ARELAC INC DBA CALERA,7697 HIGHWAY 1,MOSS LANDING,CA,95039,MONTEREY,,36.800821,-121.783375,327310
110070419308,CALPORTLAND - NATIONAL CITY,920 BAY MARINA DR,NATIONAL CITY,CA,91950,SAN DIEGO,,32.659216,-117.11152,327310
110002429532,BASF CORPORATION,38403 CHERRY STREET,NEWARK,CA,94560,ALAMEDA,9.0,37.5242,-122.0169,327310
110072025196,BAUMAN REDI-MIX,9550 REDWOOD HWY,NOVATO,CA,94945,MARIN,,,,327310
110071764718,CALPORTLAND ORO GRANDE,19409 NATIONAL TRAILS HIGHWAY,ORO GRANDE,CA,92368,SAN BERNARDINO,9.0,34.6083,-117.3365,327310
110071765740,RIVERSIDE CEMENT COMPANY,19409 NATIONAL TRAILS HIGHWAY,ORO GRANDE,CA,92368,SAN BERNARDINO,9.0,34.6045,-117.3382,327310
110001200922,CAL PORTLAND CEMENT,19409 NATIONAL TRAILS HWY.,ORO GRANDE,CA,92368,SAN BERNARDINO,9.0,34.603624,-117.339824,327310
110055680892,ASSOCIATED READY MIX CONCRETE,"392 DEL NORTE BLVD., SOUTH",OXNARD,CA,93030,VENTURA,9.0,34.20427,-119.127091,327310
110013286096,PALMDALE BATCH PLANT,37790 75TH STREET EAST,PALMDALE,CA,93552,LOS ANGELES,9.0,34.566396,-117.994191,327310
110070385909,CALPORTLAND CEMENT PLANT,15390 WONDERLAND BLVD,REDDING,CA,96003,SHASTA,9.0,40.7369,-122.3223,327310
110001171259,RMC PACIFIC MATERIALS INCORPORATED,876 SEAPORT BOULEVARD,REDWOOD CITY,CA,94063,SAN MATEO,9.0,37.514704,-122.203838,327310
110054260376,"LEHIGH CEMENT WEST, INC.",775 SEAPORT BOULEVARD,REDWOOD CITY,CA,94063,SAN MATEO,9.0,37.50918,-122.20984,327310
110022524543,SERVICE ROCK PRODUCTS INC  RIDGECREST,2157 INYOKERN RD,RIDGECREST,CA,93555,KERN,9.0,35.65182,-117.7156,327310
110001199587,RIVERSIDE CEMENT CO CRESTMORE PLT,1500 RUBIDOUX BOULEVARD,RIVERSIDE,CA,92509,RIVERSIDE,9.0,34.02729,-117.38995,327310
110041108565,RIVERSIDE CEMENT CO,1500 RUBIDOUX BLVD,RIVERSIDE,CA,92509,RIVERSIDE,9.0,34.027682,-117.385502,327310
110022811741,A & A CONCRETE SUPPLY INC,8272 BERRY AVE,SACRAMENTO,CA,95828,SACRAMENTO COUNTY,9.0,38.50575,-121.40149,327310
110071772093,NEVADA CEMENT COMPANY,8310 JACKSON ROAD,SACRAMENTO,CA,95826,SACRAMENTO,9.0,38.5466,-121.39966,327310
110055756711,ASSOCIATED READY MIXED CONCRETE,1696 CACTUS RD,SAN DIEGO,CA,92154,SAN DIEGO,9.0,32.56573,-116.99025,327310
110071795291,CANYON ROCK,7500 MISSION GORGE RD,SAN DIEGO,CA,92120,SAN DIEGO,9.0,32.80696,-117.07904,327310
110071434092,ROBERTSON'S READY MIX INC,1675 S STATE ST,SAN JACINTO,CA,92583,RIVERSIDE,9.0,33.771412,-116.970683,327310
110071757251,ORCHARD SUPPLY COMPANY,377 ROYAL AVENUE,SAN JOSE,CA,95126,SANTA CLARA,9.0,37.322893,-121.901248,327310
110071198832,TC AGOGE ASSOCIATES LLC,377 ROYAL AVENUE,SAN JOSE,CA,95126,SANTA CLARA,9.0,,,327310
110070676805,CALPORTLAND CO CARMENITA TERMINAL,13846 FIRESTONE BLVD,SANTA FE SPGS,CA,90670,LOS ANGELES,,33.887514,-118.036681,327310
110041409393,A & A READY MIXED CONCRETE INC,900 E PATTERSON,SIGNAL HILL,CA,90755,LOS ANGELES,9.0,33.80711,-118.18225,327310
110070455698,CALPORTLAND - STOCKTON EAST,230 PORT RD UNIT 3,STOCKTON,CA,95203,SAN JOAQUIN,9.0,37.940216,-121.326755,327310
110038095824,"A & A CONCRETE SUPPLY, INC",3809 BITHELL LANE,SUISUN CITY,CA,94585,SOLANO COUNTY,9.0,38.220792,-121.861146,327310
110063002227,"ASSOCIATED READY MIXED CONCRETE, INC.",8946 BRADLEY AVE,SUN VALLEY,CA,91352,LOS ANGELES,9.0,34.23149,-118.37786,327310
110070422187,ORCHARD SUPPLY HARDWARE,1601 HOLLENBECK AVE,SUNNYVALE,CA,94087,SANTA CLARA,9.0,37.340896,-122.042494,327310
110000481915,TEHACHAPI CEMENT PLANT,13573 TEHACHAPI BLVD.,TEHACHAPI,CA,93561,KERN,9.0,35.121068,-118.367569,327310
110071423082,TEHACHAPI CEMENT PLANT,13573 TEHACHAPI BLVD,TEHACHAPI,CA,93561,KERN,,35.121053,-118.367537,327310
110071764373,TEHACHAPI CEMENT PLANT,13573 E. TEHACHAPI BLVD,TEHACHAPI,CA,93561,KERN,9.0,35.12279,-118.369304,327310
110022811572,TEHACHAPI RMC,655 W TEHACHAPI BLVD,TEHACHAPI,CA,93561,KERN,9.0,35.13227,-118.45778,327310
110031000306,CALIFORNIA PORTLAND CEMENT CO,19030 S NORMANDIE AVE,TORRANCE,CA,90502,LOS ANGELES,9.0,33.85777,-118.29924,327310
110013286318,SERVICE ROCK PRODS  INC  VICTORVILLE,16592 D ST.,VICTORVILLE,CA,92395,SAN BERNARDINO,9.0,34.540471,-117.298181,327310
110000601171,CEMEX CONSTRUCTION MATERIALS PACIFIC LLC- CEMEX VICTORVILLE -RIVER PLANT,16888 E ST,VICTORVILLE,CA,92394,SAN BERNARDINO,9.0,34.5534,-117.3031,327310
110002140923,PRYOR-GIGGEY CO,12393 E. SLAUSON AVE.,WHITTIER,CA,90606,LOS ANGELES,9.0,33.96056,-118.05362,327310
110070444529,CPC TERMINALS - WILMINGTON,401 CANAL AVE,WILMINGTON,CA,90748,LOS ANGELES,,33.766136,-118.259191,327310
110002814599,HALLIBURTON ENERGY SERVICES,1990 HAYS LANE BACK LOT,WOODLAND,CA,95776,YOLO,9.0,38.67561,-121.72966,327310
110070089035,A  A CONCRETE SUPPLY,1201 MARKET ST,YUBA CITY,CA,95991,SUTTER COUNTY,9.0,39.148232,-121.614598,327310
110067572497,PRECAST CONCEPTS-9405 ALTON COURT,9405 ALTON CT,COMMERCE CITY,CO,80640,ADAMS COUNTY,8.0,39.8676,-104.88165,327310
110041121416,HEADWATERS - CRAIG POWER PLANT TERMINAL,2101 S RANNEY CRAIG PWR PLT,CRAIG,CO,81625,MOFFAT,8.0,40.461259,-107.591544,327310
110038611311,POZZOLANIC,2653 E 52ND AVE,DENVER,CO,80216,DENVER,8.0,39.79098,-104.953971,327310
110038620132,POZZOLANIC INTL,5300 THOMPSON CT,DENVER,CO,80216,DENVER,8.0,39.791505,-104.954567,327310
110071159604,HOLCIM PARTICIPATIONS (US) INC. - PORTLAND PLANT,3500 HIGHWAY 120,FLORENCE,CO,81226,FREMONT COUNTY,8.0,38.328631,-105.008989,327310
110000600289,HOLCIM (US) INC. PORTLAND PLANT,3500 HWY 120,FLORENCE,CO,81226,FREMONT COUNTY,8.0,38.386367,-105.017688,327310
110071718835,CEMEX CONSTRUCTION MATERIALS - FLORENCE,213 S. ROBINSON AVE.,FLORENCE,CO,81226,FREMONT,8.0,38.386074,-105.110298,327310
110007350339,CEMEX CONSTRUCTION MATERIALS - FLORENCE,HWY 67,FLORENCE,CO,81226,FREMONT,8.0,38.38591,-105.112709,327310
110071871398,HOLCIM (US) INC - FORT COLLINS TERMINAL,3060 W COUNTY ROAD 56,FORT COLLINS 3.9 MI. NW OF,CO,80524,LARIMER,8.0,40.65806,-105.13549,327310
110039020662,HOLCIM (US) INC - FORT COLLINS TERMINAL,3060 W COUNTY ROAD 56,HENDERSON,CO,80640,ADAMS,8.0,,,327310
110060285490,MILLIKEN INFRASTRUCURE SOLUTIONS LLC,1733 MAJESTIC DR STE 101,LAFAYETTE,CO,80026,BOULDER,,39.98075,-105.07034,327310
110001437838,HOLCIM (US) INC FORT COLLINS PLANT,4629 NORTH OVERLAND TRAIL BULILDING B,LAPORTE,CO,80535,LARIMER,8.0,40.658062,-105.135498,327310
110072057101,PROMETHEUS MATERIALS INC,1822 SUNSET PL UNIT B,LONGMONT,CO,80503,BOULDER,,40.1456,-105.12297,327310
110000467450,CEMEX CONSTRUCTION MATERIALS SOUTH LLC,5134 UTE HIGHWAY,LYONS,CO,80540,BOULDER,8.0,40.20872,-105.22924,327310
110071871904,CEMEX CONSTRUCTION MATERIALS - LYONS,5134 UTE HWY,LYONS AREA,CO,80503,BOULDER,8.0,40.202236,-105.236697,327310
110038653436,DON WARD INC,225 CANAL ST,PUEBLO,CO,81001,PUEBLO,8.0,38.23743,-104.6143,327310
110001391789,PRYOR GIGGY CO,33163 BRANIFF,PUEBLO,CO,81001,PUEBLO,8.0,38.27958,-104.4842,327310
110037262636,GCC RIO GRANDE INC,3372 LIME ROAD,PUEBLO,CO,81004,PUEBLO,8.0,38.129058,-104.606741,327310
110007078802,BLUE CIRCLE - ATLANTIC,275 WOLCOTT ST,NEW HAVEN,CT,06513,NEW HAVEN,1.0,41.30572,-72.90463,327310
110055497706,DC VILLAGE PLANT,3 DC VILLAGE LN SW,WASHINGTON,DC,20032,DISTRICT OF COLUMBIA,3.0,38.817911,-77.012233,327310
110007032638,SUWANNEE AMERICAN CEMENT COMPANY LLC,5117  US HIGHWAY 27,BRANFORD,FL,32008,SUWANNEE,4.0,29.9616,-82.8497,327310
110070828274,BROOKSVILLE NORTH CEMENT PLANT,16301 PONCE DE LEON BLVD,BROOKSVILLE,FL,34614,HERNANDO,4.0,28.643555,-82.47203,327310
110064023667,CEMEX CONSTRUCTION MATERIALS FLORIDA LLC,10311 CEMENT PLANT ROAD,BROOKSVILLE,FL,34601,HERNANDO,4.0,28.582265,-82.430829,327310
110039598753,"CEMEX CONSTRUCTION MATERIALS FLA, LLC",550 DOLPHIN ROAD,CAPE CANAVERAL,FL,32930,BREVARD,4.0,28.41137,-80.61569,327310
110039602301,CONTINENTAL FLORIDA MATERIALS INC,9012 MARLIN ST,CAPE CANAVERAL,FL,32920,BREVARD,4.0,28.407007,-80.60887,327310
110040492295,"SUMTER CEMENT COMPANY, LLC",COUNTY ROAD 469,CENTER HILL,FL,33514,SUMTER,4.0,28.630556,-81.980278,327310
110062686213,STANDARD SAND & SILICA COMPANY,HWY 50 EAST,CLERMONT,FL,32771,LAKE,4.0,,,327310
110039601188,"CONRAD YELVINGTON DISTRIBUTORS, INC.",5816 SW 177 AVE,FLORIDA,FL,33193,DADE,4.0,25.708731,-80.479376,327310
110039632225,HM SOUTHEAST CEMENT LLC,2041 E ADAMS ST,JACKSONVILLE,FL,32202,DUVAL,4.0,30.32146,-81.62792,327310
110002009521,TITAN FLORIDA LLC,11000 NW 121 WAY,MEDLEY,FL,33178,MIAMI-DADE,4.0,25.8739,-80.3756,327310
110007417205,CEMEX MIAMI,1200 NW 137TH AVE,MIAMI,FL,33182,MIAMI-DADE,4.0,25.786463,-80.421113,327310
110008056370,"ARGOS USA,  LLC",4000 NW COUNTY ROAD 235,NEWBERRY,FL,32669,ALACHUA,4.0,29.690671,-82.582134,327310
110038033446,CONRAD YELVINGTON DISTRIBUTORS INC,300 W KALEY AVE,ORLANDO,FL,32806,ORANGE,4.0,28.52017,-81.382247,327310
110002533349,ARGOS USA,5109 CARDER ROAD,ORLANDO,FL,32810,ORANGE,4.0,28.60464,-81.41834,327310
110001410722,CL INDUSTRIES INC,8188 S ORANGE AVE,ORLANDO,FL,32809,ORANGE,4.0,28.44894,-81.364,327310
110071718984,CONRAD YELVINGTON DISTRIBUTORS INC,300 W KALEY ST,ORLANDO,FL,32806,ORANGE,4.0,28.52033,-81.38217,327310
110071846467,"NOVADA CEMENT FL, LLC",304 NATIONAL ST,PALMETTO,FL,34221,MANATEE COUNTY,4.0,27.63627,-82.55972,327310
110001410642,"FLORIDA CEMENT, INC.",304 NATIONAL STREET PORT MANATEE,PALMETTO,FL,34221,MANATEE,4.0,27.63627,-82.55972,327310
110067434734,PORT MANATEE GRINDING PLANT,304 NATIONAL ST,PALMETTO,FL,34221,MANATEE COUNTY,4.0,27.63627,-82.55972,327310
110037970498,"SUWANNEE AMERICAN CEMENT COMPANY, LLC.",13250 EASTERN AVE,PALMETTO,FL,34221,MANATEE,4.0,27.63363,-82.55712,327310
110000518002,WESTROCK PANAMA CITY MILL,ONE EVERITT AVENUE,PANAMA CITY,FL,32402,BAY,4.0,30.1424,-85.6205,327310
110040492302,"SUWANNEE AMERICAN CEMENT COMPANY, LLC.",4750 E COUNTY ROAD 470,SUMTERVILLE,FL,33585,SUMTER,4.0,28.760864,-82.025353,327310
110020175031,FLORIDA CEMENT INC TAMPA,2001 MARITIME BLVD,TAMPA,FL,33605,HILLS,4.0,27.93354,-82.43998,327310
110001737256,"ARGOS USA, LLC",2001 MARITIME BLVD.,TAMPA,FL,33605,HILLSBOROUGH,4.0,27.93354,-82.43998,327310
110015681136,BASF CONSTRUCTION CHEMICALS LLC,1103 NORTHPOINT PKWY,ACWORTH,GA,30102,CHEROKEE,4.0,34.08551,-84.66659,327310
110000357569,"ARGOS CEMENT, LLC",2520 PAUL AVENUE NW,ATLANTA,GA,30318,FULTON,4.0,33.82181,-84.47239,327310
110056967000,CEMEX SOUTHEAST LLC-2720 HWY 341-BK OF MAIN OFFICE  PLANT #1,"2720 US HIGHWAY 341 SOUTH,",CLINCHFIELD,GA,31013,HOUSTON,4.0,32.4152,-83.6333,327310
110006834603,BUZZI UNICEM USA,2214 WEST POINT AVE,COLLEGE PARK,GA,30337,FULTON,4.0,33.63668,-84.46121,327310
110071374659,CTS CEMENT MANUFACTURING CORPORATION CORDELE PLANT,3102 PATEVILLE ROAD,CORDELE,GA,31015,CRISP COUNTY,,31.925816,-83.803725,327310
110002316716,LEHIGH CEMENT DORAVILLE TERMINAL,6555 BUTTON GWINNETT DR,DORAVILLE,GA,30340,DEKALB,4.0,33.92196,-84.24331,327310
110070666975,"US CEMENT, LLC",329 AE HARRIS RD,PERRY,GA,31069,COBB COUNTY,4.0,32.43317,-83.60391,327310
110022406332,CEMEX INC - ROCKMART TERMINAL,1801 ROME HWY,ROCKMART,GA,30153,POLK,4.0,34.0291,-85.051386,327310
110012701031,HAWAIIAN ROCK PRODUCTS-GUAM,1402 RT 15,MANGILAO,GU,96913,GUAM,9.0,13.5175,144.8894,327310
110014038433,HAWAIIAN CEMENT CEMENT DIV.,91-055 KAOMI LOOP,KAPOLEI,HI,96707,HONOLULU,9.0,21.301055,-158.107966,327310
110000415989,LAFARGE CORPORATION,301 EAST FRONT STREET,BUFFALO,IA,52728,SCOTT,7.0,41.45906,-90.695252,327310
110067194262,CONTINENTAL CEMENT COMPANY,301 FRONT ST,BUFFALO,IA,52728,SCOTT COUNTY,7.0,41.45906,-90.695252,327310
110010507308,HOLCIM (US) INC - MASON CITY,1840 N FEDERAL AVE,MASON CITY,IA,50401,CERRO GORDO,7.0,43.171721,-93.205876,327310
110000767705,HEIDELBERG MATERIALS US CEMENT LLC,700 25TH ST NW,MASON CITY,IA,50401,CERRO GORDO,7.0,43.1788,-93.2118,327310
110013396841,CONTINENTAL CEMENT,275 S 11TH STREET,WEST DES MOINES,IA,50265,POLK,7.0,41.56669,-93.71789,327310
110071162108,ASH GROVE CEMENT COMPANY,230 CEMENT ROAD,INKOM,ID,83245,BANNOCK,10.0,42.7865,-112.25082,327310
110000468342,ASH GROVE CEMENT,230 CEMENT RD,INKOM,ID,83245,BANNOCK,10.0,42.79139,-112.25383,327310
110063758107,CHICAGO DOT BRG,ASHLAND AVE BRG @ NB CHIC,CHICAGO,IL,60614,COOK,5.0,41.47762,-87.65477,327310
110001291423,HOLCIM (US) INC,2150 E 130TH ST,CHICAGO,IL,60633,COOK,5.0,41.659603,-87.5709,327310
110037522534,UNIVERSAL CEMENT LLC,S TORRENCE AVE & E 117TH ST,CHICAGO,IL,60617,COOK,5.0,41.683004,-87.559285,327310
110070158256,CHICAGO DEPT OF TRANSPORTATION,1200 N LAKE SHORE DR,CHICAGO,IL,60610,COOK,5.0,41.90401,-87.62499,327310
110069406271,ST. MARY'S CEMENT INC,1914 WHITE OAK LN,DIXON,IL,61021,LEE COUNTY,5.0,41.861,-89.4548,327310
110000436476,ST MARYS CEMENT INC-DIXON PLANT,1914 WHITE OAK LN.,DIXON,IL,61021,LEE,5.0,41.861,-89.4548,327310
110000790653,HOLCIM (US) INC,2500 PORTLAND RD,GRAND CHAIN,IL,62941,MASSAC,5.0,37.216805,-88.879849,327310
110001815518,ILLINOIS CEMENT CO,1601 ROCKWELL ROAD,LASALLE,IL,61301,LA SALLE,5.0,41.329483,-89.081612,327310
110071343304,ILLINOIS CEMENT CO,1601 ROCKWELL RD,LASALLE,IL,61301,LA SALLE,5.0,41.329483,-89.081612,327310
110018124876,LONE STAR INDUSTRIES INC,490 PORTLAND AVE,OGLESBY,IL,61348,LASALLE,5.0,41.288495,-89.051682,327310
110007268125,BLACK LAB CORP LLC,3624 EAST 2351ST ROAD,SERENA,IL,60549,LA SALLE,5.0,41.460736,-88.75587,327310
110000402653,"DEGUSSA CONSTRUCTION CHEMICALS OPERATIONS, INC.",519 W WATER ST,CENTERVILLE,IN,47330,WAYNE,5.0,39.81981,-85.00103,327310
110000498783,FORT WAYNE METALS - MCARTHUR BUILDING,3401 MCARTHUR DR,FORT WAYNE,IN,46809,ALLEN,5.0,41.01121,-85.18,327310
110056963451,GREENCASTLE WDF FACILITY - BUZZI UNICEM USA,3301 S CO RD 150 W,GREENCASTLE,IN,46135,PUTNAM,5.0,39.616615,-86.868632,327310
110000401459,HEIDELBERG MATERIALS CEMENT COMPANY LLC,3084 W CR 225 S,LOGANSPORT,IN,46947,CASS,5.0,40.734521,-86.433441,327310
110055571000,MELT SOLUTIONS,201 EAST CHARLES ST,MARION,IN,46952,GRANT,5.0,40.57443,-85.65696,327310
110071149390,LEHIGH CEMENT MITCHELL PLANT K4 CONSTRUCTION PROJECT,BALL RD & MILL CREEK RD,MITCHELL,IN,47446,LAWRENCE,5.0,38.73949,-86.44734,327310
110043798744,LEHIGH CEMENT COMPANY LLC,180 N MERIDIAN RD,MITCHELL,IN,47446,LAWRENCE,5.0,38.739074,-86.45703,327310
110071875802,LEHIGH CEMENT COMPANY LLC,301 US HWY 31,SELLERSBURG,IN,47172,CLARK,5.0,38.413286,-85.751374,327310
110070081836,HEIDELBERG MATERIALS US CEMENT LLC,301 US 31,SPEED,IN,47172,CLARK COUNTY,5.0,38.415722,-85.749361,327310
110000592626,HEIDELBERG- MATERIALS US CEMENT LLC - SPEED,301 US-31 N,SPEED,IN,47172,CLARK,5.0,38.411889,-85.752056,327310
110031468258,PLYCEM USA INCORPORATED,1001 W INDUSTRIAL DR,TERRE HAUTE,IN,47802,VIGO,5.0,39.34039,-87.43621,327310
110000445929,ASH GROVE CEMENT CO-CHANUTE PLANT,1801 N SANTA FE AVE,CHANUTE,KS,66720,NEOSHO,7.0,37.698786,-95.459748,327310
110070893355,MONARCH CEMENT - BARBER RD SANDSTONE QR,UNKNOWN,COYVILLE,KS,66714,WILSON,7.0,37.61615,-95.93085,327310
110001369215,MIDWEST CONCRETE MATERIALS - PLANT #34 (AIR),1001 WEST 4TH STREET,EMPORIA,KS,66801,LYON,7.0,38.40266,-96.19164,327310
110049249097,"LAFARGE MIDWEST, INC.",1400 SOUTH CEMENT ROAD,FREDONIA,KS,66736,WILSON,7.0,37.51586,-95.82438,327310
110043788737,"LAFARGE MIDWEST, INC.",1400 SOUTH CEMENT ROAD,FREDONIA,KS,66736,WILSON,7.0,37.508942,-95.822476,327310
110041228775,SYSTECH ENVIRONMENTAL,1420 S CEMENT RD,FREDONIA,KS,66736,WILSON,7.0,37.507728,-95.824133,327310
110071506602,ASTRA READYMIX LLC (GARDEN CITY PIT),900 S FARMLAND RD,GARDEN CITY,KS,67846,FINNEY,7.0,37.947363,-100.810145,327310
110017408303,MONARCH CEMENT CO,449 1200TH STREET,HUMBOLDT,KS,66748,ALLEN,7.0,37.797162,-95.431386,327310
110017554341,BUZZI UNICEM USA,1765 LIMESTONE LN,INDEPENDENCE,KS,67301,MONTGOMERY,7.0,37.211583,-95.6783,327310
110008343872,MIDWEST CONCRETE MATERIALS - MANHATTAN,701 SOUTH 4TH STREET,MANHATTAN,KS,66502,RILEY,7.0,39.17298,-96.56196,327310
110071045284,KOSMOS CEMENT COMPANY,15301 DIXIE HWY,LOUISVILLE,KY,40272,JEFFERSON,4.0,38.034696,-85.90601,327310
110000450128,EXIDE TECHNOLOGIES INC - BATON ROUGE RECYCLING CENTER,2400 BROOKLAWN DR,BATON ROUGE,LA,70874,EAST BATON ROUGE,6.0,30.586168,-91.245026,327310
110071722359,BAKER HUGHES OILFIELD OPERATIONS INC - DULAC BULK PLANT,9292 GRAND CAILLOU RD,DULAC,LA,70361,TERREBONNE PARISH,6.0,29.35629,-90.72932,327310
110007039588,HALLIBURTON SERVICE,HUDSON ST .25 M W HWY 79,HAYNESVILLE,LA,71038,CLAIBORNE,6.0,32.981838,-93.145525,327310
110007392687,CHENIERE CREEK PIPELINE GAS PROCESSING FACILITY,2.5 MI SW OF,MONROE,LA,71203,OUACHITA,6.0,,,327310
110000449079,LONE STAR INDUSTRIES INC DBA BUZZI UNICEM USA - NEW ORLEANS CEMENT TERMINAL,14900 INTRACOASTAL DRIVE,NEW ORLEANS,LA,70129,ORLEANS,6.0,30.02765,-89.90102,327310
110043302903,ANGELLE CONCRETE PORTABLE PLANT #2 - MODEL HT10400C65  SERIAL # 98031,STATEWIDE,PORTABLE SOURCE,LA,70000,PORTABLE SOURCE,6.0,,,327310
110007295079,KANEB PIPE LINE OPERATING PARTNERSHIP LP - SPEARSVILLE AMMONIA PUMP STATION,HWY 558,SPEARSVILLE,LA,71277,UNION,6.0,,,327310
110037597133,TXI OPERATIONS LP - TXI PORTABLE READY-MIX PLANT #29 (CON-E-CO MODEL #C-4355 SN,PORTABLE,STATEWIDE,LA,70000,PORTABLE SOURCE,6.0,,,327310
110024313250,TORROMEO INDUSTRIES INC,33 OLD FERRY RD,METHUEN,MA,01844,ESSEX,1.0,42.75032,-71.138394,327310
110070550609,LEHIGH HANSON,21 WILBRAHAM ST,PALMER,MA,01069,HAMPDEN,1.0,42.1622,-72.34651,327310
110006554291,INDEPENDENT CEMENT,2815 LIGHT STREET,BALTIMORE,MD,21230,BALTIMORE CITY,3.0,39.255833,-76.609722,327310
110001262400,FREDERICK ASPHALT CO/ESSROC SITE,4120 BUCKEYSTOWN PIKE,FREDERICK,MD,21704,FREDERICK,3.0,39.3458,-77.4365,327310
110046274009,CHANEY ENTERPRISES,2641 BRICKHEAD RD,GAMBRILLS,MD,21054,ANNE ARUNDEL,3.0,39.039589,-76.691261,327310
110000340408,"HOLCIM (US), INC.",1260 SECURITY RD,HAGERSTOWN,MD,21742,WASHINGTON,3.0,39.6524,-77.6805,327310
110001691456,CHARLES COUNTY CONCRETE,301 SKIPJACK ROAD,PRINCE FREDERICK,MD,20678,CALVERT,3.0,38.51337,-76.64079,327310
110002477392,LAFARGE BUILDING MATERIAL INC,2001 WHARF RD,SPARROWS POINT,MD,21219,BALTIMORE,3.0,39.22579,-76.46416,327310
110003507385,HEIDELBERG MATERIALS US CEMENT LLC,675 QUAKER HILL ROAD,UNION BRIDGE,MD,21791,CARROLL,3.0,39.560284,-77.171425,327310
110002057862,PIKE INDUSTRIES,145 RIVER ROAD,LEWISTON,ME,04240,ANDROSCOGGIN,1.0,44.06451,-70.19836,327310
110000581521,DRAGON PRODUCTS CO  - THOMASTON,107 NEW COUNTY ROAD (US RTE 1),THOMASTON,ME,04861,KNOX,1.0,44.08401,-69.157238,327310
110000917303,SYSTECH ENVIRONMENTAL CORP,1480 FORD AVENUE,ALPENA,MI,49707,ALPENA,5.0,45.07387,-83.40272,327310
110015742605,HOLCIM (US) INC. D/B/A LAFARGE ALPENA,1435 FORD AVENUE,ALPENA,MI,49707,ALPENA,5.0,45.0722,-83.4048,327310
110002119396,LAFARGE CORP,M32 PAXTON QUARRY,ALPENA,MI,49707,ALPENA,5.0,45.058355,-83.624966,327310
110042084570,"ST. MARYS CEMENT, INC. (U.S.)",16000  BELLS BAY RD,CHARLEVOIX,MI,49720,CHARLEVOIX,5.0,45.316951,-85.299349,327310
110000614470,ST MARYS CEMENT,9333  DEARBORN ST,DETROIT,MI,48209,WAYNE,5.0,42.293126,-83.129359,327310
110015976167,HOLNAM INCORPORATED DUNDEE PLANT,15215 DAY ROAD,DUNDEE,MI,48131,MONROE,5.0,41.9933,-83.6596,327310
110000407952,ESSROC CEMENT CORP,1505 MAIN ST.,ESSEXVILLE,MI,48732,BAY,5.0,43.61728,-83.84233,327310
110052883894,HOLCIM &#40;US&#41; INC STE GENEVIEVE PLANT,2942 US HWY 61,BLOOMSDALE,MO,63627,STE. GENEVIEVE COUNTY,7.0,38.109942,-90.257947,327310
110017697429,HOLCIM US INC STE. GENEVIEVE PLANT,2942 HWY 61,BLOOMSDALE,MO,63627,STE. GENEVIEVE,7.0,38.109942,-90.257947,327310
110000442423,LONESTAR INDUSTRIES (LONEMO),2524 S SPRIGG ST,CAPE GIRARDEAU,MO,63701,CAPE GIRARDEAU,7.0,37.2676,-89.5385,327310
110016659551,HOLCIM (US) INC - CLARKSVILLE PLANT,14744 HIGHWAY 79,CLARKSVILLE,MO,63336,PIKE,7.0,39.376973,-90.94547,327310
110001465138,HERSCHELLS DISCOUNT TIRE INC,107 SOUTH MILL,FESTUS,MO,63028,JEFFERSON,7.0,38.219863,-90.393149,327310
110000440229,RIVER CEMENT CO. DBA BUZZI UNICEM USA SELMA PLANT,1000 RIVER CEMENT ROAD,FESTUS,MO,63028,JEFFERSON,7.0,38.1804,-90.3366,327310
110017984608,SCHUYLKILL METALS DIVISION OF EXIDE CORPORATION,25102 HOLT 250 RD,FOREST CITY,MO,64451,HOLT,7.0,40.031875,-95.233,327310
110069199959,CONTINENTAL CEMENT COMPANY LLC ILASCO PLANT,10107 HWY 79 SOUTH,HANNIBAL,MO,63401,RALLS,7.0,39.67913,-91.31424,327310
110000595981,"CONTINENTAL CEMENT COMPANY, LLC",10107 HIGHWAY 79,HANNIBAL,MO,63401,RALLS,7.0,39.683477,-91.334683,327310
110000500547,LAFARGE CORP SUGAR CREEK PLANT,4201 NORTH RIVER ROAD,INDEPENDENCE,MO,64050,JACKSON,7.0,39.131972,-94.424433,327310
110001459966,RON SIMPSON,2533 GUINOTTE STREET,KANSAS CITY,MO,64120,JACKSON,7.0,39.11883,-94.551,327310
110071992708,CAPITAL SAND CO,200 CAPITAL SAND ROAD,LIBERTY,MO,64068,,7.0,,,327310
110037505438,CTS CEMENT MANUFACTURING CORPORATION,23876 HWY J,MEXICO,MO,65265,AUDRAIN,7.0,39.199028,-91.864111,327310
110001454131,HOLCIM (US) INC-HOLCIM (US) INC - KANSAS CITY TERMINAL,1415 WARREN STREET,NORTH KANSAS CITY,MO,64116,CLAY,7.0,39.13893,-94.55245,327310
110072081542,TRI LAKES REDI MIX (PORT-0911),0911 PORTABLE,PORTABLE,MO,00000,,,,,327310
110007101055,LONE STAR INDUSTRIES,FT OF HAVEN,SAINT LOUIS,MO,63111,SAINT LOUIS CITY,7.0,38.55305,-90.24887,327310
110001450732,MISSOURI PORTLAND CE,9403 RIVERVIEW,SAINT LOUIS,MO,63137,SAINT LOUIS,7.0,38.73291,-90.21525,327310
110001468215,CONTINENTAL AUTO PARTS & SALVAGE,2733 CASS AVENUE,SAINT LOUIS,MO,63106,SAINT LOUIS,7.0,38.64567,-90.21554,327310
110001453150,RIVER CEMENT-RIVER CEMENT,3700 S FIRST,ST. LOUIS,MO,63118,ST. LOUIS CITY,7.0,38.58472,-90.21665,327310
110001452455,HOLCIM (US) INC-ST  LOUIS TERMINAL,111 E CARRIE,ST. LOUIS,MO,63147,ST. LOUIS CITY,7.0,38.69139,-90.20748,327310
110012704136,SUGAR CREEK CEMENT PLANT,2200 COURTNEY ROAD,SUGAR CREEK,MO,64050,JACKSON,7.0,39.144325,-94.416723,327310
110069503460,CENTRAL PLAINS CEMENT COMPANY LLC,2200 N. COURTNEY ROAD,SUGAR CREEK,MO,64050,JACKSON COUNTY,7.0,39.102479,-94.407921,327310
110012701362,HAWAIIAN ROCK SAIPAN,NAFTAN RD,SAIPAN,MP,96950,SAIPAN,9.0,15.117216,145.749933,327310
110000377707,HOLCIM (US) INC - ARTESIA PLANT,8677 US-45 ALT,ARTESIA,MS,39736,LOWNDES,4.0,33.3642,-88.6345,327310
110038966642,LONE STAR INDUSTRIES,HWY 80 WEST,BRANDON,MS,39042,RANKIN,4.0,,,327310
110001472264,"MMC MATERIALS INC, JACKSON ELTON ROAD",123 EAST ELTON ROAD,JACKSON,MS,39212,HINDS COUNTY,4.0,32.217056,-90.227611,327310
110061781674,"MMC MATERIALS INC, JACKSON ELTON ROAD",123 EAST ELTON ROAD,JACKSON,MS,39212,HINDS,4.0,32.223057,-90.239318,327310
110000595197,ASH GROVE CEMENT CO MONTANA CITY PLANT,100 HIGHWAY 518,CLANCY,MT,59634,JEFFERSON,8.0,46.54448,-111.92062,327310
110052749996,TRIDENT,4070 TRIDENT RD,THREE FORKS,MT,59752,GALLATIN,8.0,45.944769,-111.477076,327310
110001473815,TRIDENT,4070 TRIDENT RD,THREE FORKS,MT,59752,GALLATIN,8.0,45.948028,-111.475934,327310
110006625679,CEMEX INCORPORATED,6411 IDEAL CEMENT ROAD,CASTLE HAYNE,NC,28429,NEW HANOVER,4.0,34.37823,-77.84782,327310
110018847836,SOUTHERN EQUIPMENT CO - DURHAM CONCRETE PLANT 14,312 S PLUM ST,DURHAM,NC,27703,DURHAM,4.0,35.9826,-78.88321,327310
110001500297,BLUE CIRCLE CEMENT COMPANY,610 SOUTH HOOVER ROAD,DURHAM,NC,27703,DURHAM,4.0,35.98305,-78.862783,327310
110001500590,INTERMONT GROUP LTD,824 ELLIS RD,DURHAM,NC,27703,DURHAM,4.0,35.96465,-78.8695,327310
110072072113,RIVERSIDE CONSTRUCTION MATERIALS - MOREHEAD CITY TERMINAL,113 ARENDELL STREET,MOREHEAD CITY,NC,28557,,4.0,34.720686,-76.699237,327310
110062709378,SOUTHERN ROADBUILDERS PLANT 2,P.O. BOX 1129,NORTH CAROLINA,NC,30903,RICHMOND,4.0,,,327310
110001503301,PLYCEM USA LLC,1149 ABTCO RD,NORTH WILKESBORO,NC,28659,WILKES,4.0,36.199131,-81.034545,327310
110007024326,"CEMEX, INC.",HIGHWAY 421 NORTH,WILMINGTON,NC,28401,NEW HANOVER,4.0,34.256014,-77.957137,327310
110071719911,"CEMEX CONSTRUCTION MATERIALS ATLANTIC, LLC",1910 SOUTH TERMINAL RD,WILMINGTON,NC,28401,NEW HANOVER,4.0,34.3786,-77.8475,327310
110038979371,MOUNTAIN CEMENT CO,W 2ND ST,GRAND ISLAND,NE,68803,HALL,7.0,40.909769,-98.368533,327310
110000596793,ASH GROVE CEMENT COMPANY,16215 HWY. 50,LOUISVILLE,NE,68037,CASS,7.0,41.005565,-96.154917,327310
110001508985,CENTRAL PLAINS CEMENT,1106 IDA STREET PLZ,OMAHA,NE,68112,DOUGLAS,7.0,41.320697,-95.932075,327310
110038971388,GCC DACOTAH TERMINAL,1102 W 25TH ST,SCOTTSBLUFF,NE,69361,SCOTTS BLUFF,7.0,41.871651,-103.677618,327310
110011869941,HOLCIM US INC,WEST 8TH STREET,SUPERIOR,NE,68978,NUCKOLLS,7.0,40.02403,-98.0855,327310
110020142941,ASH GROVE CEMENT COMPANY,HIGHWAY 50 AND 13K,WEEPING WATER,NE,68463,CASS,7.0,40.871117,-96.160583,327310
110001523879,QUIKRETE  COMPANIES,44 PINE RD,BRENTWOOD,NH,03833,ROCKINGHAM,1.0,42.99674,-71.01457,327310
110001523904,CONPROCO,17 PRODUCTION DRIVE,DOVER,NH,03820,STRAFFORD,1.0,43.218743,-70.915188,327310
110012252196,"TORROMEO INDUSTRIES, INC.",18 DORRE RD,KINGSTON,NH,03848,ROCKINGHAM,1.0,42.867524,-71.091447,327310
110071369196,ACE PLANT,250 HICKORY LN,BAYVILLE,NJ,08721,OCEAN COUNTY,2.0,39.907554,-74.167647,327310
110009834965,CONCRETE STONE & TILE CORP,23 RIDGE RD,BRANCHVILLE,NJ,07826,SUSSEX,2.0,41.16117,-74.76827,327310
110069556260,ESSROC CEMENT CORP.,595 MORGAN BLVD,CAMDEN,NJ,08104,CAMDEN COUNTY,2.0,39.912631,-75.117733,327310
110001537267,GENERAL SPRAY,1001 NEWARK AVENUE,ELIZABETH,NJ,07208,UNION,2.0,40.68613,-74.20518,327310
110001544302,MERSHON CONCRETE LLC,2495 RT 130,MANSFIELD,NJ,08022,BURLINGTON,2.0,40.118222,-74.755278,327310
110040199932,ESSEX CEMENT CO,182 CALCUTTA ST,NEWARK,NJ,07114,ESSEX,2.0,40.687324,-74.14366,327310
110001545631,HILLMAN CONCRETE,586 CHATSWORTH RD,TABERNACLE,NJ,08088,BURLINGTON,2.0,39.844958,-74.699109,327310
110001550768,RIO GRANDE PORTLAND CEMENT,100  MONTANO RD. NE,ALBUQUERQUE,NM,87107,BERNALILLO,6.0,35.13726,-106.63174,327310
110004269256,HALLIBURTON - BULK CEMENT HANDLING PLANT,2311 S 1ST ST,ARTESIA,NM,88210,EDDY,6.0,32.81436,-104.3953,327310
110007020534,HOBBS STORAGE AND BLENDING FACILITY,2708 W. COUNTY RD.,HOBBS,NM,88240,LEA,6.0,32.730511,-103.170564,327310
110000600831,GCC RIO GRANDE,11783 STATE HIGHWY 337 SOUTH,TIJERAS,NM,87059,BERNALILLO,6.0,35.071319,-106.392283,327310
110000918179,NEVADA CEMENT CO,INTERSTATE 80 AT EXIT 46,FERNLEY,NV,89408,LYON,9.0,39.61984,-119.262175,327310
110038968445,NEVADA CEMENT (OLD DUP CLOSED PLANT),"SECTION 11, T20N, R24E",FERNLEY,NV,89408,LYON,9.0,,,327310
110071162501,NEVADA CEMENT COMPANY,,FERNLEY,NV,89408,,9.0,39.62,-119.2628,327310
110020516752,SERVICE ROCK PRODUCTS INC 4TH ST,8350 4TH ST,HENDERSON,NV,89015,CLARK,9.0,36.0366,-115.00613,327310
110022524320,SERVICE ROCK PRODUCTS INC LONE MOUNTAIN NV FACILITY,10815 W WASHBURN,LAS VEGAS,NV,89149,CLARK,9.0,36.255196,-115.323294,327310
110013285685,NEVADA READY MIX,4301  W. HACIENDA,LAS VEGAS,NV,89118,CLARK,9.0,36.09361,-115.19735,327310
110022524311,SERVICE ROCK PRODUCTS INC SLOAN,14575 ARVILLE ST,LAS VEGAS,NV,89124,CLARK,9.0,35.93083,-115.19889,327310
110006825329,NEVADA READY MIX,601 BONANZA,LAS VEGAS,NV,89106,CLARK,9.0,36.17723,-115.15022,327310
110022812036,NEVADA READY MIX  PLANT 9,8755 W SUNSET,LAS VEGAS,NV,89123,CLARK,9.0,36.070358,-115.28144,327310
110037149190,NEVADA READY MIX  ECHELON,2920 S INDUSTRIAL RD,LAS VEGAS,NV,89109,CLARK,9.0,36.13732,-115.16919,327310
110001559411,ROYAL CEMENT,5501 NORTH MOAPA VALLEY BOULEVARD,LOGANDALE,NV,89021,CLARK,9.0,36.645523,-114.496048,327310
110022524302,SERVICE ROCK PRODUCTS - PAHRUMP PLANT,2091 E CHRISTINE WAY,PAHRUMP,NV,89060,NYE,9.0,36.22156,-115.97649,327310
110010355793,B R DEWITT CONCRETE BATCHING PLANT,CLARK ROAD,ALFRED STATION,NY,14803,ALLEGANY,2.0,42.28651,-77.7676,327310
110000884927,LEHIGH NORTHEAST CEMENT CO - CEMENTON FACILITY,120 ALPHA BLVD,CATSKILL,NY,12414,GREENE,2.0,42.139256,-73.914556,327310
110000825705,HOLCIM (US) INC - CATSKILL PLANT,6446 ROUTE 9 WEST,CATSKILL,NY,12414,GREENE,2.0,42.16392,-73.91818,327310
110071871286,LEHIGH NORTHEAST CEMENT COMPANY,120 ALPHA RD OFF US RTE 9W,CEMENTON,NY,12415,GREENE,2.0,42.140163,-73.913259,327310
110002380049,HEIDELBERG MATERIALS US CEMENT LLC,313 WARREN STREET,GLENS FALLS,NY,12801,WARREN,2.0,43.3086,-73.6195,327310
110040433171,SCHLUMBERGER TECHNOLOGY CORPORATION,224 NORTH MAIN ST,HORSEHEADS,NY,14845,CHEMUNG,2.0,42.17098,-76.82409,327310
110019243139,UNITED MATERIALS LANCASTER FACILITY,561 PAVEMENT RD,LANCASTER,NY,14086,ERIE,2.0,42.931948,-78.622846,327310
110037612615,E TETZ & SONS,GOSHEN TPKE BETWEEN I-84 & CRO,MIDDLETOWN,NY,10940,ORANGE,2.0,,,327310
110001579765,ESSROC CEMENT TERMINAL,29 W FIRST ST|FOOT OF W FIRST,OSWEGO,NY,13126,OSWEGO,2.0,43.462665,-76.514802,327310
110019767689,"WT TERMINAL OSWEGO, LLC",ONE WEST VAN BUREN STREET,OSWEGO,NY,13126,OSWEGO,2.0,43.4619,-76.51296,327310
110070124392,WAYNE COUNTY HIGHWAY DEPT BIN 3314620,S  CREEK RD BRIDGE OVER GANARGUA CREEK,PALMYRA,NY,14522,WAYNE,2.0,,,327310
110056973182,HOLCIM RAVENA FACILITY,1916 US RTE 9W,RAVENA,NY,12143,ALBANY,2.0,42.49756,-73.813652,327310
110015376289,"LAFARGE BUILDING MATERIALS, INC.",PO BOX 3,RAVENA,NY,12143,ALBANY,2.0,42.4833,-73.8167,327310
110071160479,LAFARGE RAVENA CEMENT PLANT,1916 ROUTE 9 WEST,RAVENA,NY,12143,RENSSELAER COUNTY,2.0,42.546096,-73.672154,327310
110006262356,"LAFARGE NORTH AMERICA, BELPRE TERMINAL",3055 WASHINGTON BLVD,BELPRE,OH,45714,WASHINGTON,5.0,39.278762,-81.644163,327310
110009605926,"KOSMOS CEMENT COMPANY, LLC - CINCINNATI TERMINAL",200 BARKLEY AVE,CINCINNATI,OH,45204,HAMILTON,5.0,39.07628,-84.60453,327310
110000840341,SOUTHWESTERN PORTLAND CEMENT CO TOWN PLANT,506 EAST XENIA DRIVE,FAIRBORN,OH,45324,GREENE,5.0,39.82062,-84.01053,327310
110024889094,BAUMANN'S RECYCLING CENTER,4801 CHAINCRAFT ROAD,GARFIELD HEIGHTS,OH,44125,CUYAHOGA,5.0,41.42892,-81.59724,327310
110041383115,SYSTECH ENVIRONMENTAL CORPORATION (0363000046),11435 COUNTY ROAD 176,PAULDING,OH,45879,PAULDING,5.0,41.17944,-84.61195,327310
110000592010,HOLCIM US - PAULDING PLANT (INCLUDING SYSTECH ENV CORP),11435 COUNTY ROAD 176,PAULDING,OH,45879,PAULDING,5.0,41.1809,-84.6048,327310
110000394056,FAIRBORN CEMENT COMPANY LLC,3250 LINEBAUGH ROAD,XENIA,OH,45385,GREENE,5.0,39.7779,-83.9661,327310
110001633796,HOLCIM US INC/ADA PLT,14500 CO RD 1550,ADA,OK,74820,PONTOTOC,6.0,34.76754,-96.69652,327310
110071161406,LONE STAR IND INC DBA BUZZI UNICEM USA PRYOR CEMENT PLANT,2430 S. 437,PRYOR,OK,74361,MAYES COUNTY,6.0,36.29621,-95.331165,327310
110000598504,LONE STAR IND INC DBA BUZZI UNICEM USA PRYOR CEMENT PLANT,2430 S COUNTY RD 437,PRYOR,OK,74361,MAYES,6.0,36.271838,-95.222539,327310
110001988877,CENTRAL PLAINS CEMENT COMPANY,2609 N. 145TH E. AVE.,TULSA,OK,74116,ROGERS,6.0,36.1941,-95.8117,327310
110070834904,ASH GROVE CEMENT COMPANY-DURKEE,33060 SHIRTTAIL CREEK ROAD,DURKEE,OR,97905,BAKER COUNTY,10.0,44.542088,-117.420052,327310
110017417776,ASH GROVE CEMENT COMPANY,33060 SHIRTTAIL CREEK RD,HUNTINGTON,OR,97907,BAKER,10.0,44.5428,-117.4218,327310
110059991273,ARDEX ENGINEERED CEMENTS,400 ARDEX PARK DR,ALIQUIPPA,PA,15001,BEAVER,3.0,40.61624,-80.3138,327310
110070118760,KEYSTONE PORTLAND CEMENT/EAST ALLEN,ROUTE 329,BATH,PA,18014,NORTHAMPTON COUNTY,3.0,40.7159,-75.3985,327310
110070081920,KEYSTONE CEMENT COMPANY,6507 NOR-BATH BLVD,BATH,PA,18014,,3.0,40.715359,-75.400859,327310
110000584332,KEYSTONE CEMENT CO,6507 NOR BATH BLVD,BATH,PA,18014,NORTHAMPTON,3.0,40.71598,-75.4006,327310
110000603525,ESSROC CEMENT CORP,17 2ND ST,BESSEMER,PA,16112,LAWRENCE,3.0,40.97412,-80.488461,327310
110007801138,SUPERIOR WELL SVC BLACKLICK FAC,ROUTE 119 NORTH,BLACK LICK,PA,15716,INDIANA,3.0,40.476254,-79.194951,327310
110017803803,JAMES HARDIE BUILDING PRODUCTS INC BLANDON PLANT,318 JUNE AVE,BLANDON,PA,19510,BERKS,3.0,40.44017,-75.89653,327310
110007029562,ARMSTRONG CEMENT & SUPPLY/WINFIELD,100 CLEARFIELD RD,CABOT,PA,16023,BUTLER,3.0,40.7948,-79.70017,327310
110000338073,HEIDELBERG MATERIALS/EVANSVILLE CEMENT PLT & QUARRY,537 EVANSVILLE RD,FLEETWOOD,PA,19522,BERKS,3.0,40.472471,-75.895245,327310
110001089697,TOMA CONCRETE & MATERIALS/GREENCASTLE CO,853 BUCHANAN TRL E,GREENCASTLE,PA,17225,FRANKLIN,3.0,39.78483,-77.70394,327310
110017834469,LEHIGH CEMENT/HAMBURG PACKAGING PLT,204 WINDSOR AVE,HAMBURG,PA,19526,BERKS,3.0,40.56898,-75.9611,327310
110001068772,HALLIBURTON ENERGY SVC/INDIANA PLT,101 LUCERNE RD,HOMER,PA,15748,INDIANA,3.0,40.553813,-79.157934,327310
110071093274,JJ KENNEDY KITTANNING,10373 STATE ROUTE 85,KITTANNING,PA,16201,ARMSTRONG COUNTY,3.0,40.803333,-79.354167,327310
110000335012,ESSROC CEMENT CORP - PLANT 3,401 W PROSPECT ST,NAZARETH,PA,18064,NORTHAMPTON,3.0,40.73822,-75.31748,327310
110071882466,HEIDELBERG MATERIALS US CEMENT LLC/NAZARETH,ROUTE 248 & EASTON RD,NAZARETH,PA,18064,NORTHAMPTON,3.0,40.72966,-75.30078,327310
110011748911,HEIDELBERG MATERIALS US CEMENT LLC/ NAZARETH,3938 EASTON NAZARETH HWY,NAZARETH,PA,18064,NORTHAMPTON,3.0,40.728889,-75.301111,327310
110071720407,ESSROC/NAZARETH CEMENT PLT 3,401 PROSPECT ST,NAZARETH,PA,18064,NORTHAMPTON,3.0,40.73746,-75.31443,327310
110001100175,KOSMOS CEMENT,200 NEVILLE RD,NEVILLE ISLAND,PA,15225,ALLEGHENY,3.0,40.49214,-80.07991,327310
110001203625,FEDERAL WHITE CEMENT/NORTHAMPTON TERM,75 W 21ST ST,NORTHAMPTON,PA,18067,NORTHAMPTON,3.0,40.69046,-75.50161,327310
110070672538,JJ KENNEDY PENN RUN,8690 HIGHWAY 422 EAST,PENN RUN,PA,15765,INDIANA COUNTY,3.0,40.594722,-79.008611,327310
110070262592,"SJA CONSTRUCTION, INC.",2870 E ALLEGHENY AVENUE,PHILADELPHIA,PA,19134,PHILADELPHIA COUNTY,3.0,39.98247,-75.10098,327310
110069614661,HERCULES CEMENT CO LLC/STOCKERTOWN,501 HERCULES DR,STOCKERTOWN,PA,18083,NORTHAMPTON,3.0,40.75037,-75.27114,327310
110000335049,H & K GROUP/ STOCKERTOWN,CENTER ST,STOCKERTOWN,PA,18083,NORTHAMPTON,3.0,40.75241,-75.27108,327310
110000331221,CEMEX CONSTRUCTION MATERIALS ATLANTIC LLC,2001 PORTLAND PARK ROAD,WAMPUM,PA,16157,LAWRENCE,3.0,40.879365,-80.325209,327310
110000334923,LAFARGE NORTH AMERICA,5160 MAIN STREET,WHITEHALL,PA,18052,LEHIGH,3.0,40.687646,-75.506305,327310
110006839957,COPLAY CEMENT COMPANY,SOUTH CHURCH STREET,WHITEHALL,PA,18052,LEHIGH,3.0,40.658094,-75.512356,327310
110008054773,LEHIGH CEMENT CO LLC,200 HOKES MILL RD,YORK,PA,17404,YORK,3.0,39.94778,-76.76918,327310
110000581004,ARGOS SAN JUAN (FKA ESSROC),"PR-2, KM 26.7, BARRIO ESPINOSA",DORADO,PR,00646,DORADO MUNICIPIO,2.0,18.3944,-66.2976,327310
110007171121,FLORES BROS CEMENT,MANUEL M. SAMAS #48,MAYAGUEZ,PR,00708,MAYAGUEZ,2.0,18.20872,-67.15072,327310
110022868413,"CEMEX DE PUERTO RICO, INC.",PR-123 KM 8.0,PONCE,PR,00733,PONCE MUNICIPIO,2.0,18.02305,-66.63888,327310
110061801652,LEHIGH CEMENT,55 FIELDS POINT DR,PROVIDENCE,RI,02905,PROVIDENCE,1.0,41.790337,-71.386896,327310
110038791803,METROMONT:BLOCK PLANT-CLOSED,HWY 28 BYP,ANDERSON,SC,29623,ANDERSON,4.0,,,327310
110070790934,THE SEFA GROUP INC. - MCMEEKIN STATION,2000 N LAKE DR,COLUMBIA,SC,29212,LEXINGTON COUNTY,4.0,34.054963,-81.219317,327310
110000353457,WINYAH,661 STEAM PLANT DRIVE,GEORGETOWN,SC,29440,GEORGETOWN,4.0,33.208889,-79.382778,327310
110000560544,HM SOUTHEAST CEMENT LLC/HARLEYVILLE SITE,654 JUDGE STREET,HARLEYVILLE,SC,29448,DORCHESTER,4.0,33.242778,-80.442222,327310
110001666064,"QUIKRETE CONSTRUCTION MATERIALS, LLC - HARLEYVILLE CEMENT PLANT",463 JUDGE ST,HARLEYVILLE,SC,29448,DORCHESTER,4.0,33.226205,-80.452832,327310
110070835115,HOLCIM (US) INC.,2173 GARDNER BOULEVARD,HOLLY HILL,SC,29059,ORANGEBURG COUNTY,4.0,33.27738,-80.430135,327310
110071667329,ARCHER-UNITED JV,11090 BROAD RIVER ROAD,IRMO,SC,29063,,4.0,34.143463,-81.236772,327310
110070834910,GCC DACOTAH,501 NORTH SAINT ONGE STREET,RAPID CITY,SD,57702,PENNINGTON,8.0,44.0896,-103.271663,327310
110001676437,GCC DACOTAH CEMENT,150 11TH STREET NE,WATERTOWN,SD,57201,CODINGTON,8.0,44.900416,-97.09655,327310
110024413160,LAMBCON READY MIX,150 COUNTY ROAD 119,ATHENS,TN,37303,MCMINN,4.0,35.4744,-84.66051,327310
110070878844,SIGNAL MOUNTAIN CEMENT CO,1201 SUCK CREEK ROAD,CHATTANOOGA,TN,37405,HAMILTON,4.0,35.101197,-85.345342,327310
110006363997,"CEMEX CONSTRUCTION MATERIALS ATLANTIC, LLC",611 HUDSON ROAD,CHATTANOOGA,TN,37405,HAMILTON,4.0,35.077358,-85.335121,327310
110024540530,LAMBCON,340 DURKEE ROAD,CLEVELAND,TN,37320,BRADLEY,4.0,35.145087,-84.842232,327310
110007189997,"COLUMBIA PRECAST, LLC",CAMPBELL BLVD E,COLUMBIA,TN,38401,MAURY,4.0,35.71399,-86.96878,327310
110043977872,P & S READY MIX DBA P & S PLANT 2,220 HURST LANE,DAYTON,TN,37321,RHEA,4.0,35.53627,-84.97871,327310
110064239104,"ROGERS GROUP, INC. DBA DECATUR CONCRETE PLANT",1768 HIGHWAY 68 WEST,DECATUR,TN,37322,MEIGS,4.0,35.633405,-84.733275,327310
110010368645,"CEMEX CONSTRUCTION MATERIALS ATLANTIC, LLC DBA CEMEX KINGSPORT TERMINAL",500 WEST INDUSTRY DRIVE,KINGSPORT,TN,37660,SULLIVAN,4.0,36.54385,-82.56834,327310
110009789318,"CEMEX CONSTRUCTION MATERIALS ATLANTIC, LLC - KNOXVILLE PLANT",6212 CEMENT PLANT ROAD,KNOXVILLE,TN,37924,KNOX,4.0,36.022505,-83.834408,327310
110055107913,LAMBCON READY MIX,6210 RUTLEDGE PIKE,KNOXVILLE,TN,37924,KNOX,4.0,36.03556,-83.83953,327310
110001858776,BUZZI UNICEM USA KNOXVILLE DISTRIBUTION TERMINAL,2318 NEYLAND DR,KNOXVILLE,TN,37916,KNOX,4.0,35.943143,-83.935853,327310
110033180661,"GREENBACK ASPHALT CO., INC.",2250 BIG HILL ROAD,LENOIR CITY,TN,37772,LOUDON,4.0,35.70989,-84.19922,327310
110001858062,RIVER CEMENT,2415 PIER STREET,MEMPHIS,TN,38113,SHELBY,4.0,35.081057,-90.125341,327310
110001858482,LONE STAR IND DBA BUZZI UNICEM USA,1702 2ND AVE NORTH,NASHVILLE,TN,37208,DAVIDSON,4.0,36.18696,-86.78774,327310
110002371647,"KOSMOS CEMENT COMPANY, LLC",21 OLDHAM STREET,NASHVILLE,TN,37213,DAVIDSON,4.0,36.174596,-86.776697,327310
110021080168,"LAFARGE NORTH AMERICA, INC.",1740 SIXTY-FIRST AVE NORTH,NASHVILLE,TN,37209,DAVIDSON,4.0,36.171471,-86.857803,327310
110001677105,"LAFARGE NORTH AMERICA, INC.",1740 61ST AVE NORTH,NASHVILLE,TN,37209,DAVIDSON,4.0,36.17083,-86.85782,327310
110070059965,"LAMBCON, INC.",9061 JAC CATE ROAD,OOLTEWAH,TN,37363,HAMILTON,4.0,35.07872,-85.06773,327310
110006691348,"P & S READY MIX, LLC",210 HARRISON LANE,SODDY-DAISY,TN,37379,HAMILTON,4.0,35.233589,-85.194153,327310
110038780290,CITY OF SOUTH PITTSBURG,204 W. 3RD STREET,SOUTH PITTSBURG,TN,37380,MARION,4.0,35.011121,-85.702249,327310
110001865303,"IMI TENNESSEE, LLC DBA IMI TN, LLC - SPRING HILL",758 BEECH CRAFT ROAD,SPRING HILL,TN,37174,MAURY,4.0,35.752857,-86.966293,327310
110010130278,LAUREN CONCRETE,5200 MCKINNEY FALLS PKWY,AUSTIN,TX,78744,TRAVIS,6.0,30.18758,-97.71428,327310
110000465274,TEXAS LEHIGH CEMENT COMPANY,701 CEMENT PLANT RD,BUDA,TX,78610,HAYS,6.0,30.0536,-97.8572,327310
110071162072,TEXAS LEHIGH CEMENT COMPANY LP,1000 JACK C HAYS TRL,BUDA,TX,78610,HAYS COUNTY,6.0,30.071044,-97.856833,327310
110071944072,LONG CREATION,3900 ANGLE AVE,FORT WORTH,TX,76106,TARRANT,6.0,32.80945,-97.37012,327310
110071782599,CEMCO TRADING,14601 BELLAIRE BLVD,HOUSTON,TX,77083,HARRIS,6.0,29.760276,-95.146895,327310
110071878916,TERRA CO2 OPUS ONE,3865 COUNTY ROAD 902,JOSHUA,TX,76058,JOHNSON,6.0,32.413769,-97.443642,327310
110041047934,MARYNEAL CEMENT PLANT,0.5 MI NW ON FM 608,MARYNEAL,TX,79535,NOLAN,6.0,32.246467,-100.457733,327310
110008149672,MARYNEAL CEMENT PLANT,202 CR 306,MARYNEAL,TX,79535,NOLAN,6.0,32.25,-100.458333,327310
110000459209,MARTIN MARIETTA MIDLOTHIAN FACILITY,245 WARD RD,MIDLOTHIAN,TX,76065,ELLIS,6.0,32.462679,-97.025572,327310
110041042573,MIDLOTHIAN PLANT,"2 M NE OF MIDLOTHIAN, TX",MIDLOTHIAN,TX,76065,ELLIS,6.0,32.521016,-97.006771,327310
110000459192,ASH GROVE TEXAS LP,900 GIFCO ROAD,MIDLOTHIAN,TX,76065,ELLIS,6.0,32.51993,-97.0068,327310
110001867114,HOLCIM TEXAS,1800 DOVE LN,MIDLOTHIAN,TX,76065,ELLIS,6.0,32.512975,-96.971099,327310
110000464550,"CEMEX CONSTRUCTION MATERIALS SOUTH, LLC",2580 WALD ROAD,NEW BRAUNFELS,TX,78132,COMAL,6.0,29.674706,-98.177808,327310
110041048906,BALCONES PLANT,AT THE INTERX OF WALD & SOLMS ROADS,NEW BRAUNFELS,TX,78130,COMAL,6.0,29.674485,-98.18366,327310
110070754634,CEMEX BALCONES CEMENT PLANT,2580 WALD RD,NEW BRAUNFELS,TX,78132,COMAL,6.0,29.675,-98.182777,327310
110000874572,"ASH GROVE CEMENT SOUTH TEXAS, LLC",7781 FM 1102,NEW BRAUNFELS,TX,78132,COMAL,6.0,29.803771,-98.039969,327310
110071159193,"GCC PERMIAN, LLC",16501 WEST MURPHY STREET,ODESSA,TX,79766,ECTOR COUNTY,6.0,31.703691,-102.392214,327310
110013317035,ODESSA CEMENT PLANT,16501 W MURPHY ST,ODESSA,TX,79761,ECTOR,6.0,31.745833,-102.546661,327310
110000464710,CAPITOL CEMENT PLANT,11551 NACOGDOCHES RD.,SAN ANTONIO,TX,78217,BEXAR,6.0,29.545278,-98.421111,327310
110000860355,ALAMO SAN ANTONIO CEMENT PLANT,6055 WEST GREEN MOUNTAIN ROAD,SAN ANTONIO,TX,78266,BEXAR,6.0,29.61214,-98.375075,327310
110031018075,LEHIGH PORTLAND CEMENT,100 S WICKSON,WACO,TX,76712,MCLENNAN,6.0,31.481987,-97.240773,327310
110043480382,500 EAST TEMPORARY CONCRETE BATCH PLANT,575 EAST 1100 SOUTH,AMERICAN FORK,UT,84003,UTAH,8.0,40.355833,-111.783889,327310
110063112359,ASH GROVE CEMENT COMPANY - LEAMINGTON CEMENT PLANT,HWY 132,LEAMINGTON,UT,84638,JUAB,8.0,39.5622,-112.19553,327310
110012414128,HOLCIM (US) INC.- DEVIL'S SLIDE PLANT,6055 E. CROYDON RD.,MORGAN,UT,84050,MORGAN,8.0,41.0633,-111.5317,327310
110002159486,MURRAY TERMINAL,5216 S 100 W,MURRAY,UT,84107,SALT LAKE,8.0,40.65652,-111.894305,327310
110071161252,ASH GROVE CEMENT COMPANY-LEAMINGTON,19090 WEST HIGHWAY 132,NEPHI,UT,84648,JUAB COUNTY,8.0,,,327310
110002463717,ASH GROVE CEMENT- LEAMINGTON UTAH,HIGHWAY 132 6 MILES EAST OF LEAMINGTON UT,NEPHI,UT,84648,JUAB,8.0,39.563527,-112.197061,327310
110030924766,SAVE-MORE PRODUCTS,1829 WALL AVE,OGDEN,UT,84401,WEBER,8.0,41.23464,-111.97856,327310
110030899311,WEEPCO INC,2950 W 500 S #40,SALT LAKE CITY,UT,84104,SALT LAKE,8.0,40.7584,-111.96167,327310
110002273058,SHIPPING TERMINAL,615 W 800 S,SALT LAKE CITY,UT,84101,SALT LAKE,8.0,40.75193,-111.90844,327310
110070070512,WEST JORDAN BATCH PLANT,5792 W AXEL PARK RD,WEST JORDAN,UT,84088,SALT LAKE COUNTY,8.0,40.57446,-112.02743,327310
110040513682,ARGOS USA LLC - ASHLAND CEMENT TERMINAL,9680 OLD RIDGE RD,ASHLAND,VA,23005,HANOVER,3.0,37.80216,-77.42518,327310
110001888501,RIVERTON CORPORATION,1111 RIVERTON ROAD,FRONT ROYAL,VA,22630,WARREN,3.0,38.95493,-78.1932,327310
110001890990,CEDAR MOUNTAIN STONE - MITCHELLS,10496 QUARRY DRIVE,MITCHELLS,VA,22729,CULPEPER,3.0,38.35208,-78.04266,327310
110007320666,BOXLEY MATERIALS CO-POUNDING MILL READY MIX PLT,RTE 637,POUNDING MILL,VA,24637,TAZEWELL,3.0,37.0747,-81.7133,327310
110001894166,LEHIGH PORTLAND CEMENT COMPANY,3111 WATER ST,RICHMOND,VA,23223,RICHMOND CITY,3.0,37.52328,-77.41792,327310
110017420263,ROANOKE CEMENT COMPANY,6071 CATABWA ROAD,TROUTVILLE,VA,24175,BOTETOURT,3.0,37.4604,-79.9948,327310
110005324559,LEHIGH NORTHWEST CEMENT CO BELLINGHAM,741 MARINE DR,BELLINGHAM,WA,98225,WHATCOM,10.0,48.768813,-122.524917,327310
110070070149,PRYOR GIGGEY CO,138 SEARS RD,CHEHALIS,WA,98532,LEWIS,10.0,46.630661,-122.933861,327310
110000739158,LEHIGH CEMENT CO,MILEPOST 14.7 WASHINGTON STATE ROUTE 31,METALINE FALLS,WA,99153,PEND OREILLE,10.0,48.860951,-117.366592,327310
110070491295,HOLCIM US INC RAVENSDALE,28130 BLACK DIAMOND RAVENSDALE,RAVENSDALE,WA,98051,KING,,47.3481,-121.9932,327310
110001916393,LAFARGE NORTH AMERICA INC SEATTLE,5400 W MARGINAL WAY SW,SEATTLE,WA,98106,KING,10.0,47.55358,-122.34442,327310
110005394741,GLACIER NORTHWEST MARGINAL WAY TRUCK SHO,5902 W MARGINAL WAY SW,SEATTLE,WA,98106,KING,10.0,47.549193,-122.343839,327310
110000897085,ASH GROVE CEMENT WEST INC,3801 E MARGINAL WAY S,SEATTLE,WA,98134,KING,10.0,47.56799,-122.34255,327310
110072049761,SURPLUS ITEMS INC,5101 W MARGINAL WAY SW,SEATTLE,WA,98106,KING,,47.555628,-122.349428,327310
110070564912,BUZZI UNICEM USA,643 W CANAL ST,MILWAUKEE,WI,53203,MILWAUKEE,5.0,43.03134,-87.91997,327310
110000585929,ARGOS USA - MARTINSBURG,1826 SOUTH QUEEN STREET,MARTINSBURG,WV,25401,BERKELEY,3.0,39.434879,-77.977911,327310
110070201589,HEIDELBERG MATERIALS NORTHEAST LLC- WHEELING PLANT HAU,1601 WEST BALTIMORE AVENUE,MCMECHEN,WV,26040,MARSHALL,3.0,39.98474,-80.73237,327310
110054261623,STUCCO PLANT,"SECTION 11, 53N, 94W",BIG HORN,WY,82410,BIG HORN,8.0,44.5855,-108.136,327310
110002331753,TOWNSEND AGRICULTURAL SERVICE-CT 174,NO LONGER OPERATING,BIG HORN COUNTY,WY,99999,BIG HORN,8.0,,,327310
110005580503,MOUNTAIN CEMENT CO,5 SAND CREEK ROAD,LARAMIE,WY,82070,ALBANY,8.0,41.2684,-105.6038,327310
110058332861,WHEATLAND PLANT,245 SOUTH WHEATLAND HIGHWAY,PLATTE,WY,82201,PLATTE,8.0,42.0251,-105.069,327310
110070988505,COLLINS PIT,"SECTION 13, 30N, 69W",PLATTE,WY,82201,PLATTE,8.0,,,327310
