MINE_ID,CURRENT_MINE_NAME,CURRENT_CONTROLLER_NAME,STATE,CURRENT_MINE_STATUS,shipper_norm,prod_2021_st,prod_2022_st,prod_2023_st,prod_2024_st,prod_2025_st,prod_avg_annual_st,prod_total_st,basin,inferred_coal_type,longitude,latitude,railroad,export_relevant,coal_type_curated,is_active
1519374,RIVER VIEW MINE,Alliance Resource Partners LP,KY,Active,ALLIANCE,9847709.0,10158148.0,9714510.0,8999873.0,7085056.0,9161059.0,45805296.0,Central/Northern Appalachian,Unknown,-87.939,37.681,CSX; barge,True,Thermal_bituminous,1
4608864,Tunnel Ridge Mine,Alliance Resource Partners LP,WV,Active,ALLIANCE,7212501.0,8312644.0,7664330.0,6030327.0,5248018.0,6893564.0,34467820.0,Central/Northern Appalachian,Unknown,-80.748,39.987,CSX; barge,True,Crossover,1
1103203,Mine No. 1,Alliance Resource Partners LP,IL,Active,ALLIANCE,4938788.0,4693251.0,5624399.0,4773185.0,6470672.0,5300059.0,26500295.0,Illinois Basin,Thermal (bituminous),-88.494,37.967,CSX; barge,True,Thermal_bituminous,1
1202388,Gibson South,Alliance Resource Partners LP,IN,Active,ALLIANCE,3290186.0,5255627.0,5317234.0,5698564.0,5488076.0,5009937.0,25049687.0,Illinois Basin,Thermal (bituminous),-87.687,38.327,CSX; CN; barge,True,Thermal_bituminous,1
1517216,CARDINAL,Alliance Resource Partners LP,KY,Active,ALLIANCE,4141430.0,4115682.0,4375920.0,4406080.0,4483911.0,4304605.0,21523023.0,Central/Northern Appalachian,Unknown,-87.542,37.283,barge; CSX,True,Thermal_bituminous,1
4609028,Mountain View Mine,Alliance Resource Partners LP,WV,Active,ALLIANCE,1539656.0,1426966.0,820334.0,1082802.0,1167839.0,1207519.0,6037597.0,Central/Northern Appalachian,Unknown,-79.577,39.082,CSX,True,Crossover,1
1519838,Excel #5,Alliance Resource Partners LP,KY,Active,ALLIANCE,1247435.0,1514647.0,1233948.0,921222.0,669900.0,1117430.0,5587152.0,Central/Northern Appalachian,Unknown,-82.382,37.552,CSX,True,Crossover,1
1502709,Henderson County Mine,Alliance Resource Partners LP,KY,Active,ALLIANCE,0.0,0.0,126649.0,254286.0,2531478.0,582483.0,2912413.0,Central/Northern Appalachian,Unknown,,,,,,1
1103058,Pattiki ,Alliance Resource Partners LP,IL,NonProducing,ALLIANCE,0.0,0.0,0.0,0.0,0.0,0.0,0.0,Illinois Basin,Thermal (bituminous),,,,,,0
1103242,Hamilton County Coal Processing,Alliance Resource Partners LP,IL,Active,ALLIANCE,0.0,0.0,0.0,0.0,0.0,0.0,0.0,Illinois Basin,Thermal (bituminous),,,,,,1
1202494,Gibson North Processing,Alliance Resource Partners LP,IN,NonProducing,ALLIANCE,0.0,0.0,0.0,0.0,0.0,0.0,0.0,Illinois Basin,Thermal (bituminous),,,,,,0
1502129,Hamilton 1,Alliance Resource Partners LP,KY,NonProducing,ALLIANCE,0.0,0.0,0.0,0.0,0.0,0.0,0.0,Central/Northern Appalachian,Unknown,,,,,,0
1503178,River View Facilities,Alliance Resource Partners LP,KY,Active,ALLIANCE,0.0,0.0,0.0,0.0,0.0,0.0,0.0,Central/Northern Appalachian,Unknown,,,,,,1
1511012,"UC Processing, LLC",Alliance Resource Partners LP,KY,NonProducing,ALLIANCE,0.0,0.0,0.0,0.0,0.0,0.0,0.0,Central/Northern Appalachian,Unknown,,,,,,0
1511935,Smith Mine,Alliance Resource Partners LP,KY,NonProducing,ALLIANCE,0.0,0.0,0.0,0.0,0.0,0.0,0.0,Central/Northern Appalachian,Unknown,,,,,,0
1514335,Warrior Preparation Plant,Alliance Resource Partners LP,KY,Active,ALLIANCE,0.0,0.0,0.0,0.0,0.0,0.0,0.0,Central/Northern Appalachian,Unknown,,,,,,1
1517733,Preparation Plant,Alliance Resource Partners LP,KY,Active,ALLIANCE,0.0,0.0,0.0,0.0,0.0,0.0,0.0,Central/Northern Appalachian,Unknown,,,,,,1
1518547,Onton #9 ,Alliance Resource Partners LP,KY,Temporarily Idled,ALLIANCE,0.0,0.0,0.0,0.0,0.0,0.0,0.0,Central/Northern Appalachian,Unknown,,,,,,0
1519515,Mine #4,Alliance Resource Partners LP,KY,Abandoned and Sealed,ALLIANCE,0.0,,,,,0.0,0.0,Central/Northern Appalachian,Unknown,,,,,,0
1800671,Mettiki General,Alliance Resource Partners LP,MD,Active,ALLIANCE,0.0,0.0,0.0,0.0,0.0,0.0,0.0,Other,Unknown,,,,,,1
4407223,Deep Mine 41,Alpha Metallurgical Resources Inc,VA,Active,ALPHA,2299854.0,2202104.0,2463315.0,2384072.0,2353926.0,2340654.0,11703271.0,Central Appalachian,Metallurgical,-82.223,37.211,NS,True,HCC,1
4609475,Workman Creek Surface,Alpha Metallurgical Resources Inc,WV,Active,ALPHA,2324938.0,1993727.0,1827237.0,1845651.0,1735019.0,1945314.0,9726572.0,Central/Northern Appalachian,Unknown,-81.347,37.762,CSX,True,PCI,1
4609522,Road Fork #52 Mine,Alpha Metallurgical Resources Inc,WV,Active,ALPHA,1471247.0,1813483.0,1963202.0,1772725.0,1689961.0,1742124.0,8710618.0,Central/Northern Appalachian,Unknown,-81.818,37.618,CSX,True,Semi-soft,1
4609575,Lynn Branch No. 2 Mine,Alpha Metallurgical Resources Inc,WV,Active,ALPHA,1030426.0,1442141.0,1257296.0,1213109.0,1255738.0,1239742.0,6198710.0,Central/Northern Appalachian,Unknown,-81.877,37.792,CSX,True,PCI,1
4609550,BLACK EAGLE,Alpha Metallurgical Resources Inc,WV,Active,ALPHA,569889.0,819314.0,999088.0,987056.0,758808.0,826831.0,4134155.0,Central/Northern Appalachian,Unknown,-81.278,37.842,CSX,True,Semi-soft,1
4609054,Republic Energy,Alpha Metallurgical Resources Inc,WV,Active,ALPHA,898855.0,526242.0,947751.0,690397.0,974921.0,807633.0,4038166.0,Central/Northern Appalachian,Unknown,-81.088,38.018,CSX,True,PCI,1
4609574,Davy Branch Mine ,Alpha Metallurgical Resources Inc,WV,Active,ALPHA,625727.0,738884.0,781552.0,804301.0,753959.0,740885.0,3704423.0,Central/Northern Appalachian,Unknown,-81.877,37.811,CSX,True,PCI,1
4608787,Jerry Fork Eagle,Alpha Metallurgical Resources Inc,WV,Active,ALPHA,842072.0,794984.0,690515.0,663220.0,520415.0,702241.0,3511206.0,Central/Northern Appalachian,Unknown,-80.827,38.182,CSX,True,PCI,1
4609026,Ewing Fork No. 1 Surface Mine,Alpha Metallurgical Resources Inc,WV,Active,ALPHA,873145.0,886349.0,414719.0,364587.0,530648.0,613890.0,3069448.0,Central/Northern Appalachian,Unknown,,,,,,1
4609221,Slabcamp,Alpha Metallurgical Resources Inc,WV,Abandoned and Sealed,ALPHA,1178517.0,857295.0,357605.0,622.0,,598510.0,2394039.0,Central/Northern Appalachian,Unknown,,,,,,0
4609212,PANTHER EAGLE MINE,Alpha Metallurgical Resources Inc,WV,Active,ALPHA,339101.0,455739.0,589696.0,568239.0,657514.0,522058.0,2610289.0,Central/Northern Appalachian,Unknown,-81.288,37.808,CSX,True,PCI,1
4407163,88 Strip,Alpha Metallurgical Resources Inc,VA,Active,ALPHA,665136.0,519776.0,485484.0,365710.0,440613.0,495344.0,2476719.0,Central Appalachian,Metallurgical,,,,,,1
4609375,Glen Alum Tunnel Mine,Alpha Metallurgical Resources Inc,WV,Active,ALPHA,,135881.0,390033.0,647574.0,804966.0,494614.0,1978454.0,Central/Northern Appalachian,Unknown,-81.268,37.839,CSX,True,Semi-soft,1
4407308,DEEP MINE 44,Alpha Metallurgical Resources Inc,VA,Active,ALPHA,513959.0,505143.0,466576.0,434197.0,423509.0,468677.0,2343384.0,Central Appalachian,Metallurgical,-82.246,37.187,NS,True,HCC,1
4608932,Kingston No. 2,Alpha Metallurgical Resources Inc,WV,Active,ALPHA,485171.0,376461.0,464547.0,404741.0,337812.0,413746.0,2068732.0,Central/Northern Appalachian,Unknown,,,,,,1
4609611,Cedar Grove Mine No 3,Alpha Metallurgical Resources Inc,WV,Active,ALPHA,,53859.0,432037.0,567734.0,585606.0,409809.0,1639236.0,Central/Northern Appalachian,Unknown,,,,,,1
4609091,Horse Creek Eagle,Alpha Metallurgical Resources Inc,WV,Abandoned,ALPHA,560907.0,540248.0,478294.0,336778.0,65158.0,396277.0,1981385.0,Central/Northern Appalachian,Unknown,-80.068,39.002,CSX,True,HCC,0
4607491,Bishop Surface ,Alpha Metallurgical Resources Inc,WV,Active,ALPHA,24458.0,346709.0,384480.0,514131.0,321692.0,318294.0,1591470.0,Central/Northern Appalachian,Unknown,,,,,,1
4609111,Rolling Thunder Mine,Alpha Metallurgical Resources Inc,WV,Active,ALPHA,,,124979.0,427100.0,298562.0,283547.0,850641.0,Central/Northern Appalachian,Unknown,,,,,,1
4609361,Cedar Grove #2 Mine,Alpha Metallurgical Resources Inc,WV,NonProducing,ALPHA,556617.0,373414.0,151757.0,0.0,0.0,216358.0,1081788.0,Central/Northern Appalachian,Unknown,,,,,,0
4407381,Long Branch Surface Mine,Alpha Metallurgical Resources Inc,VA,NonProducing,ALPHA,237956.0,243017.0,184571.0,166847.0,18190.0,170116.0,850581.0,Central Appalachian,Metallurgical,,,,,,0
4609409,SHM 12-66,Alpha Metallurgical Resources Inc,WV,Active,ALPHA,110831.0,178180.0,172022.0,109768.0,121911.0,138542.0,692712.0,Central/Northern Appalachian,Unknown,,,,,,1
4609640,CHECKMATE POWELLTON,Alpha Metallurgical Resources Inc,WV,NonProducing,ALPHA,,,22902.0,179885.0,0.0,67596.0,202787.0,Central/Northern Appalachian,Unknown,,,,,,0
4607938,"Black Castle Mining Company, LLC",Alpha Metallurgical Resources Inc,WV,Active,ALPHA,819.0,60124.0,140619.0,47751.0,79033.0,65669.0,328346.0,Central/Northern Appalachian,Unknown,,,,,,1
4608801,Aracoma Alma Mine #1,Alpha Metallurgical Resources Inc,WV,Abandoned and Sealed,ALPHA,104369.0,0.0,0.0,0.0,,26092.0,104369.0,Central/Northern Appalachian,Unknown,,,,,,0
4609092,Allen Powellton Mine,Alpha Metallurgical Resources Inc,WV,NonProducing,ALPHA,73471.0,0.0,0.0,0.0,0.0,14694.0,73471.0,Central/Northern Appalachian,Unknown,,,,,,0
4608837,Coon Cedar Grove Mine,Alpha Metallurgical Resources Inc,WV,NonProducing,ALPHA,47907.0,0.0,0.0,0.0,0.0,9581.0,47907.0,Central/Northern Appalachian,Unknown,,,,,,0
4407274,Bold Camp Surface,Alpha Metallurgical Resources Inc,VA,Abandoned,ALPHA,,4270.0,11349.0,,,7810.0,15619.0,Central Appalachian,Metallurgical,,,,,,0
4609204,Reylas Surface Mine,Alpha Metallurgical Resources Inc,WV,NonProducing,ALPHA,0.0,0.0,11109.0,21813.0,2600.0,7104.0,35522.0,Central/Northern Appalachian,Unknown,,,,,,0
4405270,TOMS CREEK COMPLEX,Alpha Metallurgical Resources Inc,VA,Active,ALPHA,0.0,0.0,0.0,0.0,0.0,0.0,0.0,Central Appalachian,Metallurgical,,,,,,1
4405311,McClure River Plant,Alpha Metallurgical Resources Inc,VA,Active,ALPHA,0.0,0.0,0.0,0.0,0.0,0.0,0.0,Central Appalachian,Metallurgical,,,,,,1
4406007,Moss No 2 Prep Plt,Alpha Metallurgical Resources Inc,VA,NonProducing,ALPHA,0.0,0.0,0.0,0.0,0.0,0.0,0.0,Central Appalachian,Metallurgical,,,,,,0
4407231,Deep Mine 37,Alpha Metallurgical Resources Inc,VA,Abandoned and Sealed,ALPHA,0.0,0.0,0.0,0.0,,0.0,0.0,Central Appalachian,Metallurgical,,,,,,0
4601544,Road Fork #51 Mine,Alpha Metallurgical Resources Inc,WV,Abandoned,ALPHA,0.0,0.0,0.0,,,0.0,0.0,Central/Northern Appalachian,Unknown,,,,,,0
4603317, Mammoth Coal  Processing Pl & Riv Tipple,Alpha Metallurgical Resources Inc,WV,Active,ALPHA,0.0,0.0,0.0,0.0,0.0,0.0,0.0,Central/Northern Appalachian,Unknown,,,,,,1
4603933,Pineville Processing,Alpha Metallurgical Resources Inc,WV,Abandoned,ALPHA,0.0,0.0,0.0,,,0.0,0.0,Central/Northern Appalachian,Unknown,,,,,,0
4604343,Kingston Processing,Alpha Metallurgical Resources Inc,WV,Active,ALPHA,0.0,0.0,0.0,0.0,0.0,0.0,0.0,Central/Northern Appalachian,Unknown,,,,,,1
4604637,Kepler No. 1 Prep Plant,Alpha Metallurgical Resources Inc,WV,Active,ALPHA,0.0,0.0,0.0,0.0,0.0,0.0,0.0,Central/Northern Appalachian,Unknown,,,,,,1
4604669,Feats Loadout,Alpha Metallurgical Resources Inc,WV,Active,ALPHA,0.0,0.0,0.0,0.0,0.0,0.0,0.0,Central/Northern Appalachian,Unknown,,,,,,1
4605086,Rum Creek Preparation Plant,Alpha Metallurgical Resources Inc,WV,Active,ALPHA,0.0,0.0,0.0,0.0,0.0,0.0,0.0,Central/Northern Appalachian,Unknown,,,,,,1
4605382,Crown Hill Dock,Alpha Metallurgical Resources Inc,WV,NonProducing,ALPHA,,,,,0.0,0.0,0.0,Central/Northern Appalachian,Unknown,,,,,,0
4605872,Litwar Preparation Plant,Alpha Metallurgical Resources Inc,WV,Abandoned,ALPHA,0.0,0.0,0.0,0.0,,0.0,0.0,Central/Northern Appalachian,Unknown,,,,,,0
4605992,Homer III Processing,Alpha Metallurgical Resources Inc,WV,NonProducing,ALPHA,0.0,0.0,0.0,0.0,0.0,0.0,0.0,Central/Northern Appalachian,Unknown,,,,,,0
4606188,Chess Processing,Alpha Metallurgical Resources Inc,WV,NonProducing,ALPHA,0.0,0.0,0.0,0.0,0.0,0.0,0.0,Central/Northern Appalachian,Unknown,,,,,,0
4606263,Wyoming No 2,Alpha Metallurgical Resources Inc,WV,NonProducing,ALPHA,0.0,0.0,0.0,0.0,,0.0,0.0,Central/Northern Appalachian,Unknown,,,,,,0
4606558,Highland Coal Handling Facility,Alpha Metallurgical Resources Inc,WV,Abandoned,ALPHA,0.0,0.0,0.0,0.0,,0.0,0.0,Central/Northern Appalachian,Unknown,,,,,,0
4606880,Power Mountain Processing,Alpha Metallurgical Resources Inc,WV,Active,ALPHA,0.0,0.0,0.0,0.0,0.0,0.0,0.0,Central/Northern Appalachian,Unknown,,,,,,1
4608159,Stockton Mine,Alpha Metallurgical Resources Inc,WV,Abandoned and Sealed,ALPHA,0.0,0.0,0.0,0.0,,0.0,0.0,Central/Northern Appalachian,Unknown,,,,,,0
4608374,Marfork Processing,Alpha Metallurgical Resources Inc,WV,Active,ALPHA,0.0,0.0,0.0,0.0,0.0,0.0,0.0,Central/Northern Appalachian,Unknown,,,,,,1
4608599,Laurel Powellton,Alpha Metallurgical Resources Inc,WV,Abandoned,ALPHA,0.0,0.0,,,,0.0,0.0,Central/Northern Appalachian,Unknown,,,,,,0
4608802,Hernshaw Mine,Alpha Metallurgical Resources Inc,WV,Temporarily Idled,ALPHA,0.0,0.0,0.0,0.0,0.0,0.0,0.0,Central/Northern Appalachian,Unknown,,,,,,0
4608961,Marmet Dock,Alpha Metallurgical Resources Inc,WV,Active,ALPHA,0.0,0.0,0.0,0.0,0.0,0.0,0.0,Central/Northern Appalachian,Unknown,,,,,,1
4609022,Castle II,Alpha Metallurgical Resources Inc,WV,Abandoned,ALPHA,0.0,0.0,0.0,,,0.0,0.0,Central/Northern Appalachian,Unknown,,,,,,0
4609048,Slip Ridge Cedar Grove Mine,Alpha Metallurgical Resources Inc,WV,NonProducing,ALPHA,0.0,0.0,0.0,0.0,0.0,0.0,0.0,Central/Northern Appalachian,Unknown,,,,,,0
4609114,Pax Load Out,Alpha Metallurgical Resources Inc,WV,Active,ALPHA,0.0,0.0,0.0,0.0,0.0,0.0,0.0,Central/Northern Appalachian,Unknown,,,,,,1
4609148,Laurel Coalburg Tunnel Mine,Alpha Metallurgical Resources Inc,WV,Abandoned and Sealed,ALPHA,0.0,0.0,0.0,0.0,,0.0,0.0,Central/Northern Appalachian,Unknown,,,,,,0
4609299,Cedar Grove #1 Mine,Alpha Metallurgical Resources Inc,WV,Temporarily Idled,ALPHA,0.0,0.0,0.0,0.0,0.0,0.0,0.0,Central/Northern Appalachian,Unknown,,,,,,0
4609391,Marianna No. 1 Mine,Alpha Metallurgical Resources Inc,WV,NonProducing,ALPHA,0.0,0.0,0.0,,,0.0,0.0,Central/Northern Appalachian,Unknown,,,,,,0
4609549,Beetree Powellton,Alpha Metallurgical Resources Inc,WV,Abandoned,ALPHA,0.0,0.0,,,,0.0,0.0,Central/Northern Appalachian,Unknown,,,,,,0
4609605,Titan Mine,Alpha Metallurgical Resources Inc,WV,Abandoned,ALPHA,0.0,0.0,,,,0.0,0.0,Central/Northern Appalachian,Unknown,,,,,,0
4609631,KINGSTON SEWELL,Alpha Metallurgical Resources Inc,WV,Active,ALPHA,,,,0.0,0.0,0.0,0.0,Central/Northern Appalachian,Unknown,,,,,,1
3605018,Cumberland Mine,Iron Senergy Holding LLC,PA,Active,BLACKHAWK,5978123.0,5381422.0,5934113.0,5153309.0,5729906.0,5635375.0,28176873.0,Northern Appalachian,Met/Thermal,-80.157,39.828,CSX,True,Thermal_bituminous,1
4601437,MARSHALL COUNTY MINE,"ACNR Holdings, Inc",WV,Active,BLUESTONE,11022355.0,9640814.0,7412191.0,9000360.0,10814208.0,9577986.0,47889928.0,Central/Northern Appalachian,Unknown,-80.62,39.845,CSX; barge,True,Thermal_bituminous,1
4601433,Marion County Mine,"ACNR Holdings, Inc",WV,Active,BLUESTONE,6182761.0,6813124.0,6839719.0,5645400.0,7071459.0,6510493.0,32552463.0,Central/Northern Appalachian,Unknown,-80.401,39.458,CSX; barge,True,Thermal_bituminous,1
4601318,Harrison County Mine,"ACNR Holdings, Inc",WV,Active,BLUESTONE,6149291.0,7039318.0,7049832.0,5579207.0,5760902.0,6315710.0,31578550.0,Central/Northern Appalachian,Unknown,-80.709,39.585,CSX; barge,True,Thermal_bituminous,1
4601436,OHIO COUNTY MINE,"ACNR Holdings, Inc",WV,Active,BLUESTONE,5974355.0,6368730.0,6451629.0,5558609.0,6093047.0,6089274.0,30446370.0,Central/Northern Appalachian,Unknown,-80.558,39.918,CSX; barge,True,Thermal_bituminous,1
4202241,Lila Canyon,"ACNR Holdings, Inc",UT,Abandoned and Sealed,BLUESTONE,3470644.0,2281289.0,159240.0,0.0,,1477793.0,5911173.0,Uinta-Piceance Basin,Thermal / Met,,,,,,0
1519744,Pride,"ACNR Holdings, Inc",KY,Temporarily Idled,BLUESTONE,2069342.0,2156026.0,1715999.0,316133.0,0.0,1251500.0,6257500.0,Central/Northern Appalachian,Unknown,,,,,,0
3301070,Century Mine,"ACNR Holdings, Inc",OH,Abandoned and Sealed,BLUESTONE,1271897.0,364061.0,,,,817979.0,1635958.0,Northern Appalachian,Met/Thermal,,,,,,0
4601968,Monongalia County Mine,"ACNR Holdings, Inc",WV,NonProducing,BLUESTONE,1992063.0,0.0,0.0,0.0,0.0,398413.0,1992063.0,Central/Northern Appalachian,Unknown,,,,,,0
100758,No. 3 Mine,"ACNR Holdings, Inc",AL,NonProducing,BLUESTONE,0.0,0.0,0.0,0.0,0.0,0.0,0.0,Warrior Basin,Metallurgical (Low-vol),,,,,,0
100759,North River Mine,"ACNR Holdings, Inc",AL,NonProducing,BLUESTONE,0.0,0.0,0.0,0.0,0.0,0.0,0.0,Warrior Basin,Metallurgical (Low-vol),,,,,,0
1100601,Franklin County Mine,"ACNR Holdings, Inc",IL,NonProducing,BLUESTONE,0.0,0.0,0.0,0.0,0.0,0.0,0.0,Illinois Basin,Thermal (bituminous),,,,,,0
1102752,New Era Mine,"ACNR Holdings, Inc",IL,NonProducing,BLUESTONE,0.0,0.0,0.0,0.0,0.0,0.0,0.0,Illinois Basin,Thermal (bituminous),,,,,,0
1103232,New Future Mine,"ACNR Holdings, Inc",IL,Temporarily Idled,BLUESTONE,0.0,0.0,0.0,0.0,0.0,0.0,0.0,Illinois Basin,Thermal (bituminous),,,,,,0
1517741,Paradise #9,"ACNR Holdings, Inc",KY,NonProducing,BLUESTONE,0.0,0.0,0.0,0.0,0.0,0.0,0.0,Central/Northern Appalachian,Unknown,,,,,,0
1519165,Midway Plant and Loadout,"ACNR Holdings, Inc",KY,Temporarily Idled,BLUESTONE,0.0,0.0,0.0,0.0,0.0,0.0,0.0,Central/Northern Appalachian,Unknown,,,,,,0
1519217,Midway ,"ACNR Holdings, Inc",KY,NonProducing,BLUESTONE,0.0,0.0,0.0,0.0,0.0,0.0,0.0,Central/Northern Appalachian,Unknown,,,,,,0
1519344,Equality,"ACNR Holdings, Inc",KY,Abandoned,BLUESTONE,0.0,0.0,0.0,0.0,,0.0,0.0,Central/Northern Appalachian,Unknown,,,,,,0
1519345,Genesis Plant and River Loadout,"ACNR Holdings, Inc",KY,NonProducing,BLUESTONE,0.0,0.0,0.0,0.0,0.0,0.0,0.0,Central/Northern Appalachian,Unknown,,,,,,0
1519356,Parkway Refuse,"ACNR Holdings, Inc",KY,NonProducing,BLUESTONE,0.0,0.0,0.0,0.0,0.0,0.0,0.0,Central/Northern Appalachian,Unknown,,,,,,0
1519511,LEWIS CREEK,"ACNR Holdings, Inc",KY,Abandoned,BLUESTONE,0.0,0.0,0.0,0.0,,0.0,0.0,Central/Northern Appalachian,Unknown,,,,,,0
1519535,Genesis,"ACNR Holdings, Inc",KY,NonProducing,BLUESTONE,0.0,,0.0,0.0,0.0,0.0,0.0,Central/Northern Appalachian,Unknown,,,,,,0
1519773,Hickory Ridge,"ACNR Holdings, Inc",KY,New Mine,BLUESTONE,0.0,0.0,0.0,0.0,,0.0,0.0,Central/Northern Appalachian,Unknown,,,,,,0
3301159,Powhatan No. 6 Mine,"ACNR Holdings, Inc",OH,NonProducing,BLUESTONE,0.0,0.0,0.0,0.0,0.0,0.0,0.0,Northern Appalachian,Met/Thermal,,,,,,0
3304381,Powhatan Transportation Center,"ACNR Holdings, Inc",OH,Abandoned,BLUESTONE,0.0,0.0,,,,0.0,0.0,Northern Appalachian,Met/Thermal,,,,,,0
3304569,StarRidge Preparation Plant,"ACNR Holdings, Inc",OH,NonProducing,BLUESTONE,0.0,0.0,0.0,0.0,0.0,0.0,0.0,Northern Appalachian,Met/Thermal,,,,,,0
3600958,Mine 84,"ACNR Holdings, Inc",PA,NonProducing,BLUESTONE,0.0,0.0,0.0,0.0,0.0,0.0,0.0,Northern Appalachian,Met/Thermal,,,,,,0
3600968,Maple Creek Preparation Plant,"ACNR Holdings, Inc",PA,NonProducing,BLUESTONE,0.0,0.0,0.0,0.0,0.0,0.0,0.0,Northern Appalachian,Met/Thermal,,,,,,0
3608375,High Quality Mine,"ACNR Holdings, Inc",PA,Abandoned,BLUESTONE,0.0,0.0,0.0,0.0,0.0,0.0,0.0,Northern Appalachian,Met/Thermal,,,,,,0
4201474,Pinnacle Mine,"ACNR Holdings, Inc",UT,Abandoned and Sealed,BLUESTONE,0.0,0.0,0.0,0.0,,0.0,0.0,Uinta-Piceance Basin,Thermal / Met,,,,,,0
4202233,West Ridge Mine,"ACNR Holdings, Inc",UT,Abandoned and Sealed,BLUESTONE,0.0,0.0,0.0,0.0,,0.0,0.0,Uinta-Piceance Basin,Thermal / Met,,,,,,0
4202356,Princess Mine,"ACNR Holdings, Inc",UT,Abandoned and Sealed,BLUESTONE,0.0,0.0,0.0,0.0,,0.0,0.0,Uinta-Piceance Basin,Thermal / Met,,,,,,0
4601438,Marshall County River Loadout,"ACNR Holdings, Inc",WV,Active,BLUESTONE,0.0,0.0,0.0,0.0,0.0,0.0,0.0,Central/Northern Appalachian,Unknown,,,,,,1
4609072,Conner Run Dam and Fly Ash Impoundment,"ACNR Holdings, Inc",WV,Active,BLUESTONE,0.0,0.0,0.0,0.0,0.0,0.0,0.0,Central/Northern Appalachian,Unknown,,,,,,1
4609382,AmericanMountaineer Mine,"ACNR Holdings, Inc",WV,Abandoned,BLUESTONE,0.0,0.0,0.0,0.0,,0.0,0.0,Central/Northern Appalachian,Unknown,,,,,,0
4800977,Black Thunder,Core Natural Resources Inc,WY,Active,CORE,59359967.0,62181557.0,60567709.0,44480976.0,49401276.0,55198297.0,275991485.0,Powder River Basin,Thermal (sub-bituminous),-105.547,44.025,BNSF; UP,False,Thermal_subbituminous,1
3607230,Bailey Mine,Core Natural Resources Inc,PA,Active,CORE,11753022.0,11567919.0,11163524.0,10761880.0,11750754.0,11399420.0,56997099.0,Northern Appalachian,Met/Thermal,-80.236,39.818,CSX,True,Thermal_bituminous,1
3607416,Enlow Fork Mine,Core Natural Resources Inc,PA,Active,CORE,6808789.0,6291939.0,8660839.0,9181023.0,10014072.0,8191332.0,40956662.0,Northern Appalachian,Met/Thermal,-80.297,39.862,CSX,True,Thermal_bituminous,1
3610045,Harvey Mine,Core Natural Resources Inc,PA,Active,CORE,5299867.0,6074719.0,6237282.0,5743707.0,5563942.0,5783903.0,28919517.0,Northern Appalachian,Met/Thermal,-80.227,39.758,CSX,True,Thermal_bituminous,1
4609192,LEER MINE,Core Natural Resources Inc,WV,Active,CORE,4370790.0,4041623.0,4443600.0,3650142.0,5297515.0,4360734.0,21803670.0,Central/Northern Appalachian,Unknown,-80.059,39.237,CSX,True,HCC,1
503672,West Elk Mine,Core Natural Resources Inc,CO,Active,CORE,3272864.0,4355703.0,3130767.0,3705019.0,3238540.0,3540579.0,17702893.0,Uinta-Piceance Basin,Thermal / Met,-107.361,38.869,UP,True,Crossover,1
4801215,Coal Creek Mine,Core Natural Resources Inc,WY,Active,CORE,1994359.0,3774367.0,2256690.0,1552309.0,1517643.0,2219074.0,11095368.0,Powder River Basin,Thermal (sub-bituminous),-105.428,44.177,BNSF; UP,False,Thermal_subbituminous,1
4604168,Leer South Mine,Core Natural Resources Inc,WV,Active,CORE,905261.0,2263530.0,2778797.0,2556403.0,591893.0,1819177.0,9095884.0,Central/Northern Appalachian,Unknown,-80.041,39.157,CSX,True,HCC,1
4605252,Beckley Pocahontas Mine,Core Natural Resources Inc,WV,Active,CORE,1084070.0,997182.0,1078780.0,1180158.0,1199313.0,1107901.0,5539503.0,Central/Northern Appalachian,Unknown,-81.163,37.823,CSX,True,HCC,1
4609029,Mountaineer II Mine,Core Natural Resources Inc,WV,Active,CORE,866524.0,749643.0,1034656.0,1102478.0,1230323.0,996725.0,4983624.0,Central/Northern Appalachian,Unknown,-81.893,37.832,CSX,True,Semi-soft,1
4609569,Itmann No 5,Core Natural Resources Inc,WV,Active,CORE,101438.0,168053.0,315623.0,397470.0,452773.0,287071.0,1435357.0,Central/Northern Appalachian,Unknown,,,,,,1
3301172,Meigs #31 Mine,Core Natural Resources Inc,OH,NonProducing,CORE,0.0,0.0,0.0,0.0,0.0,0.0,0.0,Northern Appalachian,Met/Thermal,,,,,,0
3604175,Robena Preparation Plant,Core Natural Resources Inc,PA,NonProducing,CORE,0.0,0.0,0.0,0.0,0.0,0.0,0.0,Northern Appalachian,Met/Thermal,,,,,,0
4605544,Sawmill Run Preparation Plant,Core Natural Resources Inc,WV,Abandoned,CORE,,0.0,,,,0.0,0.0,Central/Northern Appalachian,Unknown,,,,,,0
4605823,Upshur Complex,Core Natural Resources Inc,WV,NonProducing,CORE,0.0,0.0,0.0,0.0,0.0,0.0,0.0,Central/Northern Appalachian,Unknown,,,,,,0
4607945,Birch River Mine,Core Natural Resources Inc,WV,Abandoned,CORE,0.0,,,,,0.0,0.0,Central/Northern Appalachian,Unknown,,,,,,0
4608777,Leer South Preparation Plant,Core Natural Resources Inc,WV,Active,CORE,0.0,0.0,0.0,0.0,0.0,0.0,0.0,Central/Northern Appalachian,Unknown,,,,,,1
4609023,Eccles Refuse Area,Core Natural Resources Inc,WV,NonProducing,CORE,0.0,0.0,0.0,0.0,0.0,0.0,0.0,Central/Northern Appalachian,Unknown,,,,,,0
4609046,Cardinal Preparation Plant,Core Natural Resources Inc,WV,Active,CORE,0.0,0.0,0.0,0.0,0.0,0.0,0.0,Central/Northern Appalachian,Unknown,,,,,,1
4609191,Leer Prep Plant,Core Natural Resources Inc,WV,Active,CORE,0.0,0.0,0.0,0.0,0.0,0.0,0.0,Central/Northern Appalachian,Unknown,,,,,,1
4609216,Beckley Pocahontas Plant,Core Natural Resources Inc,WV,Active,CORE,0.0,0.0,0.0,0.0,0.0,0.0,0.0,Central/Northern Appalachian,Unknown,,,,,,1
4609598,Itmann No.5 Plant,Core Natural Resources Inc,WV,Active,CORE,0.0,0.0,0.0,0.0,0.0,0.0,0.0,Central/Northern Appalachian,Unknown,,,,,,1
4404856,Buchanan Mine #1,Coronado Coal LLC,VA,Active,CORONADO,4852300.0,4309238.0,3961273.0,3874816.0,3918911.0,4183308.0,20916538.0,Central Appalachian,Metallurgical,-81.986,37.236,NS,True,HCC,1
4609563,Eagle No 1 Mine,Coronado Coal LLC,WV,Active,CORONADO,587469.0,728885.0,757560.0,775092.0,697766.0,709354.0,3546772.0,Central/Northern Appalachian,Unknown,-81.892,37.787,CSX,True,Crossover,1
4609514,Muddy Bridge,Coronado Coal LLC,WV,Active,CORONADO,360223.0,645078.0,545652.0,555617.0,519219.0,525158.0,2625789.0,Central/Northern Appalachian,Unknown,,,,,,1
4609319,Lower War Eagle,Coronado Coal LLC,WV,Active,CORONADO,530510.0,504903.0,508933.0,497425.0,461954.0,500745.0,2503725.0,Central/Northern Appalachian,Unknown,,,,,,1
4609217,Powellton #1 Mine,Coronado Coal LLC,WV,Active,CORONADO,478047.0,172560.0,0.0,117440.0,196005.0,192810.0,964052.0,Central/Northern Appalachian,Unknown,,,,,,1
4609564,Elklick Surface Mine,Coronado Coal LLC,WV,NonProducing,CORONADO,124944.0,213268.0,306609.0,227289.0,56163.0,185655.0,928273.0,Central/Northern Appalachian,Unknown,,,,,,0
4609583,North Fork Winifrede Deep Mine,Coronado Coal LLC,WV,Abandoned and Sealed,CORONADO,0.0,63951.0,190080.0,0.0,,63508.0,254031.0,Central/Northern Appalachian,Unknown,,,,,,0
4609645,Middle Fork Surface,Coronado Coal LLC,WV,NonProducing,CORONADO,,,18946.0,91882.0,14765.0,41864.0,125593.0,Central/Northern Appalachian,Unknown,,,,,,0
4609101,Toney Fork Surface Mine,Coronado Coal LLC,WV,NonProducing,CORONADO,11635.0,12218.0,34668.0,12895.0,11648.0,16613.0,83064.0,Central/Northern Appalachian,Unknown,,,,,,0
4609560,North Fork Surface Mine,Coronado Coal LLC,WV,NonProducing,CORONADO,0.0,0.0,12720.0,10448.0,0.0,4634.0,23168.0,Central/Northern Appalachian,Unknown,,,,,,0
4602140,Saunders Preparation Plant,Coronado Coal LLC,WV,Active,CORONADO,0.0,0.0,0.0,0.0,0.0,0.0,0.0,Central/Northern Appalachian,Unknown,,,,,,1
4604315,Elk Lick Tipple,Coronado Coal LLC,WV,Active,CORONADO,0.0,0.0,0.0,0.0,0.0,0.0,0.0,Central/Northern Appalachian,Unknown,,,,,,1
4609390,Elklick Chilton,Coronado Coal LLC,WV,Abandoned,CORONADO,0.0,0.0,0.0,0.0,,0.0,0.0,Central/Northern Appalachian,Unknown,,,,,,0
4608663,Stonecoal Branch Mine No. 2,Ramaco Resources Inc,WV,Active,RAMACO,522303.0,644592.0,588329.0,602208.0,804736.0,632434.0,3162168.0,Central/Northern Appalachian,Unknown,-81.897,37.869,CSX,True,HCC,1
4609541,NO. 2 GAS,Ramaco Resources Inc,WV,Active,RAMACO,421576.0,358992.0,441436.0,496493.0,575662.0,458832.0,2294159.0,Central/Northern Appalachian,Unknown,-81.892,37.854,CSX,True,HCC,1
4609495,Eagle Seam Deep Mine,Ramaco Resources Inc,WV,NonProducing,RAMACO,670873.0,316877.0,301726.0,228611.0,96558.0,322929.0,1614645.0,Central/Northern Appalachian,Unknown,,,,,,0
4609533,Berwind Deep Mine,Ramaco Resources Inc,WV,Active,RAMACO,16868.0,134097.0,252341.0,598680.0,566941.0,313785.0,1568927.0,Central/Northern Appalachian,Unknown,-81.677,37.384,NS; CSX,True,HCC,1
4609219,Highwall Miner No.1,Ramaco Resources Inc,WV,Active,RAMACO,210321.0,211238.0,211836.0,212636.0,179474.0,205101.0,1025505.0,Central/Northern Appalachian,Unknown,,,,,,1
4609614,Crucible Deep Mine,Ramaco Resources Inc,WV,Active,RAMACO,0.0,125027.0,270631.0,273155.0,239761.0,181715.0,908574.0,Central/Northern Appalachian,Unknown,,,,,,1
4609638,Highwall Miner No. 2,Ramaco Resources Inc,WV,Active,RAMACO,,,136627.0,212535.0,193355.0,180839.0,542517.0,Central/Northern Appalachian,Unknown,,,,,,1
4609537,Ram Surface Mine No. 1,Ramaco Resources Inc,WV,Active,RAMACO,155935.0,179562.0,167360.0,134722.0,129919.0,153500.0,767498.0,Central/Northern Appalachian,Unknown,,,,,,1
4609591,Triad Poca 4 Seam Deep Mine,Ramaco Resources Inc,WV,Abandoned,RAMACO,163720.0,141870.0,,,,152795.0,305590.0,Central/Northern Appalachian,Unknown,,,,,,0
4609602,Michael Powellton  Deep Mine,Ramaco Resources Inc,WV,Active,RAMACO,0.0,193821.0,46357.0,176750.0,307434.0,144872.0,724362.0,Central/Northern Appalachian,Unknown,,,,,,1
4407162,Big Creek Surface ,Ramaco Resources Inc,VA,Active,RAMACO,45332.0,102201.0,154175.0,159052.0,163667.0,124885.0,624427.0,Central Appalachian,Metallurgical,,,,,,1
4609578,Ram Surface Mine No. 3,Ramaco Resources Inc,WV,Active,RAMACO,,,,82721.0,162161.0,122441.0,244882.0,Central/Northern Appalachian,Unknown,,,,,,1
4609084,Laurel Fork Mine,Ramaco Resources Inc,WV,NonProducing,RAMACO,0.0,79090.0,173335.0,171019.0,132712.0,111231.0,556156.0,Central/Northern Appalachian,Unknown,,,,,,0
4407369,Mine No. 1,Ramaco Resources Inc,VA,Abandoned and Sealed,RAMACO,,67800.0,190427.0,138712.0,0.0,99235.0,396939.0,Central Appalachian,Metallurgical,-81.601,37.172,NS; CSX,True,HCC,0
1519557,HWM No. 3,Ramaco Resources Inc,WV,Active,RAMACO,0.0,82485.0,61875.0,106418.0,223612.0,94878.0,474390.0,Central/Northern Appalachian,Unknown,,,,,,1
4609628,Triad No. 2 Deep Mine,Ramaco Resources Inc,WV,Abandoned,RAMACO,,37621.0,129785.0,27208.0,,64871.0,194614.0,Central/Northern Appalachian,Unknown,,,,,,0
4609637,Maben Surface,Ramaco Resources Inc,WV,Active,RAMACO,,0.0,35960.0,52962.0,51090.0,35003.0,140012.0,Central/Northern Appalachian,Unknown,,,,,,1
4405236,Coal Creek Prep Plant,Ramaco Resources Inc,VA,Active,RAMACO,0.0,0.0,0.0,0.0,0.0,0.0,0.0,Central Appalachian,Metallurgical,,,,,,1
4406804,Tiller No 1,Ramaco Resources Inc,VA,Temporarily Idled,RAMACO,0.0,,,,,0.0,0.0,Central Appalachian,Metallurgical,,,,,,0
4602444,Elk Creek Plant,Ramaco Resources Inc,WV,Active,RAMACO,0.0,0.0,0.0,0.0,0.0,0.0,0.0,Central/Northern Appalachian,Unknown,,,,,,1
4605449,Berwind Preparation Plant,Ramaco Resources Inc,WV,Active,RAMACO,0.0,0.0,0.0,0.0,0.0,0.0,0.0,Central/Northern Appalachian,Unknown,,,,,,1
4607437,Eagle-Mine No 2,Ramaco Resources Inc,WV,Temporarily Idled,RAMACO,0.0,0.0,0.0,,,0.0,0.0,Central/Northern Appalachian,Unknown,,,,,,0
4608829,Beckley Mine,Ramaco Resources Inc,WV,Temporarily Idled,RAMACO,0.0,,,,,0.0,0.0,Central/Northern Appalachian,Unknown,,,,,,0
4609001,Triple S Mine,Ramaco Resources Inc,WV,Abandoned,RAMACO,,0.0,0.0,,,0.0,0.0,Central/Northern Appalachian,Unknown,,,,,,0
4609211,Squire Jim No 2 Mine,Ramaco Resources Inc,WV,Abandoned and Sealed,RAMACO,0.0,,,,,0.0,0.0,Central/Northern Appalachian,Unknown,,,,,,0
4609417,No. 1,Ramaco Resources Inc,WV,Temporarily Idled,RAMACO,0.0,,,,,0.0,0.0,Central/Northern Appalachian,Unknown,,,,,,0
4609662,Maben Processing,Ramaco Resources Inc,WV,Active,RAMACO,,,,0.0,0.0,0.0,0.0,Central/Northern Appalachian,Unknown,,,,,,1
101401,No 7 Mine,Warrior Met Coal Intermediate Holdco LLC,AL,Active,WARRIOR,4793699.0,4755684.0,5141323.0,5269294.0,5169378.0,5025876.0,25129378.0,Warrior Basin,Metallurgical (Low-vol),-87.133,33.567,NS,True,HCC,1
101247,No 4 Mine,Warrior Met Coal Intermediate Holdco LLC,AL,Active,WARRIOR,810883.0,1559012.0,2504213.0,2769238.0,2998704.0,2128410.0,10642050.0,Warrior Basin,Metallurgical (Low-vol),-87.201,33.382,NS,True,HCC,1
103448,Blue Creek Mine No. 1,Warrior Met Coal Intermediate Holdco LLC,AL,Active,WARRIOR,,,,208760.0,2035011.0,1121886.0,2243771.0,Warrior Basin,Metallurgical (Low-vol),-87.229,33.371,NS,True,HCC,1
103609,Blue Creek Processing,Warrior Met Coal Intermediate Holdco LLC,AL,Active,WARRIOR,,,,,0.0,0.0,0.0,Warrior Basin,Metallurgical (Low-vol),,,,,,1
