Carrier,Carrier Name,action,Group,Commodity,Cargo,CargoDetail
WLWH,Wallenius Wilhelmsen Logistics Americas Llc,"on match condition Carrier_Code , enter values and lock from further processing",Break Bulk,General Cargo,Machinery & Vehicles,Machinery & Vehicles
KKLU,Kawasaki Kisen Kaisha Ltd,"on match condition Carrier_Code , enter values and lock from further processing",Break Bulk,General Cargo,Vehicles & Machinery,Vehicles & Machinery
MOLU,Mitsui O S K Lines Ltd,"on match condition Carrier_Code , enter values and lock from further processing",Break Bulk,General Cargo,Vehicles & Machinery,Vehicles & Machinery
CCSG,Cool Carriers Ab,"on match condition Carrier_Code , enter values and lock from further processing",Break Bulk,Refiridgerated,Refridgerated,Refiridgerated
NQSH,Network Shipping Ltd,"on match condition Carrier_Code , enter values and lock from further processing",Break Bulk,Refiridgerated,Refiridgerated,Refiridgerated
HOEG,Hoegh Autoliners As,"on match condition Carrier_Code , enter values and lock from further processing",Break Bulk,General Cargo,Vehicles & Machinery,Vehicles & Machinery
AROF,American Roll On Roll Off Carrier Llc,"on match condition Carrier_Code , enter values and lock from further processing",Break Bulk,General Cargo,Vehicles & Machinery,Vehicles & Machinery
NYKS,Nyk Group Americas Inc,"on match condition Carrier_Code , enter values and lock from further processing",Break Bulk,General Cargo,Vehicles & Machinery,Vehicles & Machinery
ACLU,Atlantic Container Line Ab,"on match condition Carrier_Code , enter values and lock from further processing",Break Bulk,General Cargo,Vehicles & Machinery,Vehicles & Machinery
NMCC,Nissan Motor Car Carrier Co Ltd,"on match condition Carrier_Code , enter values and lock from further processing",Break Bulk,General Cargo,Vehicles & Machinery,Vehicles & Machinery
HDGL,Hyundai Glovis Co Ltd,"on match condition Carrier_Code , enter values and lock from further processing",Break Bulk,General Cargo,Vehicles & Machinery,Vehicles & Machinery
EUKO,Eukor Car Carriers,"on match condition Carrier_Code , enter values and lock from further processing",Break Bulk,General Cargo,Vehicles & Machinery,Vehicles & Machinery
VWTG,Volkswagen Konzernlogistik Gmbh & Co Ohg,"on match condition Carrier_Code , enter values and lock from further processing",Break Bulk,General Cargo,Vehicles & Machinery,Vehicles & Machinery
GESM,Grimaldi Euromed S P A,"on match condition Carrier_Code , enter values and lock from further processing",Break Bulk,General Cargo,Vehicles & Machinery,Vehicles & Machinery
NMTE,Nmt Lines,"on match condition Carrier_Code , enter values and lock from further processing",Break Bulk,General Cargo,Vehicles & Machinery,Vehicles & Machinery
PSGP,"Pasha Group, The","on match condition Carrier_Code , enter values and lock from further processing",Break Bulk,General Cargo,Vehicles & Machinery,Vehicles & Machinery
MCGQ,Mitsui & Co Global Logistics Ltd,"on match condition Carrier_Code , enter values and lock from further processing",Break Bulk,General Cargo,Vehicles & Machinery,Vehicles & Machinery
TGBS,Trans Global Shipping,"on match condition Carrier_Code , enter values and lock from further processing",Break Bulk,General Cargo,Vehicles & Machinery,Vehicles & Machinery
GDSL,Grimaldi Deep Sea S P A,"on match condition Carrier_Code , enter values and lock from further processing",Break Bulk,General Cargo,Vehicles & Machinery,Vehicles & Machinery
CRNV,Carnival Cruise Lines,always exclude,,,,
RCCU,Royal Caribbean Cruise Line,always exclude,,,,
DCRL,Disney Cruise Line,always exclude,,,,
NOCL,Norwegian Cruise Lines,always exclude,,,,
FSHP,"Formel, Stevenson Freight Services Llc",always exclude,,,,
PNSS,Princess Cruises,always exclude,,,,
CQLY,Celebrity Cruises,always exclude,,,,
HLCU,Hapag Lloyd A G,always exclude,,,,
CMDU,Cma Cgm America Llc,always exclude,,,,
CINT,Cargill International S A,"no matches, carrier handles more one type of cargo, will have to leave for later stage",,,,
DMNA,Dampskibsselskabet Norden Aktieselskab,"no matches, carrier handles more one type of cargo, will have to leave for later stage",,,,
ALOM,Algoma Central Corporation,"no matches, carrier handles more one type of cargo, will have to leave for later stage",,,,
SXBW,Swire Bulk Pte Ltd,dry bulk unless reclassed later step,,,,
PNFN,Penfield Marine Llc,"always, liquid bulk, can never be dry bulk, break bulk, reefer, roro, or liquified gas",Liquid Bulk,,,
AETK,Aet Inc Pte Ltd,"always, liquid bulk, can never be dry bulk, break bulk, reefer, roro, or liquified gas",Liquid Bulk,,,
CHVV,Chevron Shipping Company Llc,"always, liquid bulk, can never be dry bulk, break bulk, reefer, roro, or liquified gas",Liquid Bulk,,,
TKSH,Teekay Tankers Ltd,"always, liquid bulk, can never be dry bulk, break bulk, reefer, roro, or liquified gas",Liquid Bulk,,,
TGRA,Trafigura Maritime Ventures Ltd,"always, liquid bulk, can never be dry bulk, break bulk, reefer, roro, or liquified gas",Liquid Bulk,,,
AQCV,Ace Tankers C.V.,"always, liquid bulk, can never be dry bulk, break bulk, reefer, roro, or liquified gas",Liquid Bulk,,,
VRON,Vroon B V,"always, liquid bulk, can never be dry bulk, break bulk, reefer, roro, or liquified gas",Liquid Bulk,,,
NTWY,N Two (N2) Tankers B V,"always, liquid bulk, can never be dry bulk, break bulk, reefer, roro, or liquified gas",Liquid Bulk,,,
SEUK,Shell International Trading And Shipping,"always, liquid bulk, can never be dry bulk, break bulk, reefer, roro, or liquified gas",Liquid Bulk,,,
FLUB,Frontline Management As,"always, liquid bulk, can never be dry bulk, break bulk, reefer, roro, or liquified gas",Liquid Bulk,,,
ZOMA,Zodiac Maritime Ltd,"always, liquid bulk, can never be dry bulk, break bulk, reefer, roro, or liquified gas",Liquid Bulk,,,
HPPW,Hafnia Pools Pte Ltd,"always, liquid bulk, can never be dry bulk, break bulk, reefer, roro, or liquified gas",Liquid Bulk,,,
EURN,Euronav Nv,"always, liquid bulk, can never be dry bulk, break bulk, reefer, roro, or liquified gas",Liquid Bulk,,,
AMQK,Associated Maritime Company (Hong Kong) Limited,"always, liquid bulk, can never be dry bulk, break bulk, reefer, roro, or liquified gas",Liquid Bulk,,,
VITO,Vitol International Shipping Pte,"always, liquid bulk, can never be dry bulk, break bulk, reefer, roro, or liquified gas",Liquid Bulk,,,
SMKI,Scorpio Mr Pool Ltd,"always, liquid bulk, can never be dry bulk, break bulk, reefer, roro, or liquified gas",Liquid Bulk,,,
DPKT,Dampskibsselskabet Torm,"always, liquid bulk, can never be dry bulk, break bulk, reefer, roro, or liquified gas",Liquid Bulk,,,
SGVJ,Signal Maritime Services Ltd,"always, liquid bulk, can never be dry bulk, break bulk, reefer, roro, or liquified gas",Liquid Bulk,,,
MLAA,Mol Chemical Tankers Pte Ltd,"always, liquid bulk, can never be dry bulk, break bulk, reefer, roro, or liquified gas",Liquid Bulk,,,
MIMA,Minerva Marine Inc,"always, liquid bulk, can never be dry bulk, break bulk, reefer, roro, or liquified gas",Liquid Bulk,,,
CPUK,Cape Management Company Inc,"always, liquid bulk, can never be dry bulk, break bulk, reefer, roro, or liquified gas",Liquid Bulk,,,
STSO,St Shipping Transport Pte Ltd,"always, liquid bulk, can never be dry bulk, break bulk, reefer, roro, or liquified gas",Liquid Bulk,,,
NPLW,Navig8 Pte Ltd,"always, liquid bulk, can never be dry bulk, break bulk, reefer, roro, or liquified gas",Liquid Bulk,,,
PPDP,Pleiades Shipping Agents Sa,"always, liquid bulk, can never be dry bulk, break bulk, reefer, roro, or liquified gas",Liquid Bulk,,,
STZW,Stolt Tankers Bv,"always, liquid bulk, can never be dry bulk, break bulk, reefer, roro, or liquified gas",Liquid Bulk,,,
TKSD,Tsakos Shipping And Trading S A Of Panama,"always, liquid bulk, can never be dry bulk, break bulk, reefer, roro, or liquified gas",Liquid Bulk,,,
MAET,Maersk Tankers,"always, liquid bulk, can never be dry bulk, break bulk, reefer, roro, or liquified gas",Liquid Bulk,,,
LPLC,Loop Llc,"always, liquid bulk, can never be dry bulk, break bulk, reefer, roro, or liquified gas",Liquid Bulk,,,
OTUS,Odfjell Tankers As,"always, liquid bulk, can never be dry bulk, break bulk, reefer, roro, or liquified gas",Liquid Bulk,,,
OFCW,Oldendorff Carriers,"never liquid bulk, liquided gas, roro, or reefer, default dry bulk, but allow per ission to be over wtitten only with Break-Bulk at later stage in scripting",Dry Bulk,,,
ULTH,Ultrabulk,"no matches, carrier handles more one type of cargo, will have to leave for later stage",Dry Bulk,,,
PBIM,Pacific Basin Supramax Limited,"never liquid bulk, liquided gas, roro, or reefer, default dry bulk, but allow per ission to be over wtitten only with Break-Bulk at later stage in scripting",Dry Bulk,,,
PBIH,Pacific Basin Handysize Ltd,"never liquid bulk, liquided gas, roro, or reefer, default dry bulk, but allow per ission to be over wtitten only with Break-Bulk at later stage in scripting",Dry Bulk,,,
WBCP,Western Bulk Carriers As,"never liquid bulk, liquided gas, roro, or reefer, default dry bulk, but allow per ission to be over wtitten only with Break-Bulk at later stage in scripting",Dry Bulk,,,
SXBW,Swire Bulk Pte Ltd,"never liquid bulk, liquided gas, roro, or reefer, default dry bulk, but allow per ission to be over wtitten only with Break-Bulk at later stage in scripting",Dry Bulk,,,
CLPP,Clipper Bulk Shipping Ltd,"never liquid bulk, liquided gas, roro, or reefer, default dry bulk, but allow per ission to be over wtitten only with Break-Bulk at later stage in scripting",Dry Bulk,,,
POBU,Pan Ocean Co Ltd,"never liquid bulk, liquided gas, roro, or reefer, default dry bulk, but allow per ission to be over wtitten only with Break-Bulk at later stage in scripting",Dry Bulk,,,
SFFV,Spliethoff Transport B V,"never liquid bulk, liquided gas, roro, or reefer, default dry bulk, but allow per ission to be over wtitten only with Break-Bulk at later stage in scripting",Dry Bulk,,,
SFCR,Saga Welco As,"never liquid bulk, liquided gas, roro, or reefer, default dry bulk, but allow per ission to be over wtitten only with Break-Bulk at later stage in scripting",Dry Bulk,,,
GSSW,G2 Ocean Us Inc,"never liquid bulk, liquided gas, roro, or reefer, default dry bulk, but allow per ission to be over wtitten only with Break-Bulk at later stage in scripting",Dry Bulk,,,
CSSL,The Csl Group Inc,"never liquid bulk, liquided gas, roro, or reefer, default dry bulk, but allow per ission to be over wtitten only with Break-Bulk at later stage in scripting",Dry Bulk,,,
PXBC,Phoenix Bulk Carriers (U S) Corp,"never liquid bulk, liquided gas, roro, or reefer, default dry bulk, but allow per ission to be over wtitten only with Break-Bulk at later stage in scripting",Dry Bulk,,,
SMTH,Smt Shipping (Cyprus) Ltd,"never liquid bulk, liquided gas, roro, or reefer, default dry bulk, but allow per ission to be over wtitten only with Break-Bulk at later stage in scripting",Dry Bulk,,,
ULTH,Ultrabulk,"never liquid bulk, liquided gas, roro, or reefer, default dry bulk, but allow per ission to be over wtitten only with Break-Bulk at later stage in scripting",Dry Bulk,,,
VULI,Vulica Shipping Company Limited,"never liquid bulk, liquided gas, roro, or reefer, default dry bulk, but allow per ission to be over wtitten only with Break-Bulk at later stage in scripting",Dry Bulk,,,
CINT,Cargill International S A,"no matches, carrier handles more one type of cargo, will have to leave for later stage",Dry Bulk,,,
DMNA,Dampskibsselskabet Norden Aktieselskab,"no matches, carrier handles more one type of cargo, will have to leave for later stage",Dry Bulk,,,
ABAH,A & B TRANSPORTATION LLC,Exclude,,,,
AJWI,A J WORLDWIDE SERVICES INC,Exclude,,,,
AAGP,A S A MANAGEMENT CORP,Exclude,,,,
ASCH,A S C LINES,Exclude,,,,
AAVO,AAVANT LOGISTICS,Exclude,,,,
AHQB,ABU DHABI MARINE OPERATIONS,Exclude,,,,
ALRB,AC CONTAINER LINE GMBH,Exclude,,,,
ADSN,ACCORDIA SHIPPING LLC,Exclude,,,,
ACDF,ACS LINES,Exclude,,,,
ANSL,ADAMAS NAVIGATION SA,Exclude,,,,
ALOR,ADVANCED LOGISTICS INC.,Exclude,,,,
AGWT,AIR & GROUND WORLD TRANSPORT,Exclude,,,,
ASST,AIR SEVEN (7) SEAS TRANSPORT LOGISTICS INC,Exclude,,,,
AIBA,AIRBUS SAS,Exclude,,,,
AIWL,AIT WORLDWIDE LOGISTICS INC,Exclude,,,,
AWZQ,AL SEER MARINE SUPPLIES & EQUIPMENT COMPANY P.J.S.C.,Exclude,,,,
AKFT,ALASKA REEFER MANAGEMENT,Exclude,,,,
AKFW,ALASKAN FRONTIER,Exclude,,,,
ABTB,ALBATRANS SPA,Exclude,,,,
ABMA,ALBERTA SHIPMANAGEMENT,Exclude,,,,
ABPG,ALBINI & PITIGLIANI SPA,Exclude,,,,
ANPM,ALFA SHIP OWNERS CORPORATION,Exclude,,,,
ALFP,ALFA SHIPPING S A,Exclude,,,,
AMNF,ALISON MANAGEMENT CORP,Exclude,,,,
ASBA,ALITALIA SOCIETA AEREA ITALIANA S P A,Exclude,,,,
AWSL,ALL WORLD SHIPPING CORP,Exclude,,,,
AFDV,ALPHA FORWARDING CO LTD,Exclude,,,,
AARG,ALPI AIR & SEA,Exclude,,,,
AEJM,ALTERNA CAPITAL PARTNERS LLC,Exclude,,,,
AMIG,AMASS INTERNATIONAL GROUP INC,Exclude,,,,
ABVW,AMASUS SHIPPING BV,Exclude,,,,
AMUH,AMC USA INC,Exclude,,,,
AZXS,AMERICA LOGISTICS SOLUTION INC,Exclude,,,,
APLU,AMERICAN PRESIDENT LINES LLC,Exclude,,,,
AXXM,AMERICANA EXPRESS CO LTD,Exclude,,,,
AXOG,AMEX LOGISTICS,Exclude,,,,
AXMA,AMIX MARINE SERVICES LTD,Exclude,,,,
AWZY,ANCHOR LOGISTICS SOLUTIONS LLC,Exclude,,,,
AIVI,ANCORA INVESTMENT TRUST INC,Exclude,,,,
ASHI,ANDRIAKI SHIPPING CO. LTD.,Exclude,,,,
AGMR,ANGLO-EASTERN MANAGEMENT GROUP LIMITED,Exclude,,,,
AJVI,ANJI SHIPPING CO LTD,Exclude,,,,
ANLC,ANL SINGAPORE PTE LTD,Exclude,,,,
ANRE,ANORE MARITIME INC,Exclude,,,,
AMLU,ANTILLEAN MARINE SHIPPING CORP,Exclude,,,,
AYTE,ANYTIME AUTO TRANSPORT INC,Exclude,,,,
AUIV,APRILE USA INC,Exclude,,,,
ABFB,ARC BEST INTERNATIONAL INC,Exclude,,,,
ASUL,AROSA SHIPPING LTD,Exclude,,,,
ATVV,ARROWCOM SHIPPING HK LIMITED,Exclude,,,,
ASFN,ASF GLOBAL LLC,Exclude,,,,
ASIP,ASIA PACIFIC LOGISTICS CO LTD,Exclude,,,,
ASSQ,ASSO ARIADNE NAVIGATION COMPANY LIMITED,Exclude,,,,
AMQK,ASSOCIATED MARITIME COMPANY (HONG KONG) LIMITED,Exclude,,,,
ASOM,ASTRA SHIPMANAGEMENT INC,Exclude,,,,
AWNC,ASTRA TWO (2),Exclude,,,,
AUNS,ASTRAL SHIPPING PTE LTD,Exclude,,,,
ATNS,ATLANSHIP S A,Exclude,,,,
AHMO,ATLANTIC (HELLAS) MARITIME,Exclude,,,,
ACLU,ATLANTIC CONTAINER LINE AB,Exclude,,,,
ALNJ,ATLANTIC SHIP AGENCIES INC,Exclude,,,,
ASFH,ATLANTIC SHIPPING COMPANY INC,Exclude,,,,
ATLL,ATLAS LINE,Exclude,,,,
AWVW,ATLAS MARITIME SHIPMANAGEMENT LTD,Exclude,,,,
BHFW,BAHAMAS FERRIES LTD,Exclude,,,,
BCGO,BALEARIA CARIBBEAN LTD CORP,Exclude,,,,
BAOF,BALENA,Exclude,,,,
BXTR,BAXTER TRADING INC,Exclude,,,,
BOPT,"BDP TRANSPORT, INC",Exclude,,,,
BEEQ,BEEONTRADE INC,Exclude,,,,
BICP,BELLAVISTA INVESTMENTS CORPORATION,Exclude,,,,
BVMC,BELLEVALIA MARINE CO.,Exclude,,,,
BEMS,BEMEL LOGISTICS LLC,Exclude,,,,
BCLU,BERMUDA CONTAINER LINE LTD,Exclude,,,,
BSSJ,BERNHARD SCHULTE SHIPMANAGEMENT (CHINA) COMPANY LTD,Exclude,,,,
BSCS,BERNHARD SCHULTE SHIPMANAGEMENT (DEUTSCHLAND) GMBH & CO KG,Exclude,,,,
BSZM,BERNHARD SCHULTE SHIPMANAGEMENT (HELLAS) SPLLC,Exclude,,,,
BSSL,BERNHARD SCHULTE SHIPMANAGEMENT (ISLE OF MAN) LIMITED,Exclude,,,,
BLIY,BERTLING LOGISTICS INC,Exclude,,,,
BWYB,BESTWAY LOGISTICS INC,Exclude,,,,
BGLV,BG LNG SERVICES LLC,Exclude,,,,
BIBC,BIEHL & CO,Exclude,,,,
BIMH,BIMINI SHIPPING LLC,Exclude,,,,
BNXC,BINEX LINE CORPORATION,Exclude,,,,
BNOW,BLACKSTONE SHIPPING NETHERLAND BV,Exclude,,,,
BANQ,BLUE ANCHOR AMERICA LINE (BLUE ANCHOR LINE),Exclude,,,,
BQEG,BLUE EAGLE CONSOLIDATION GMBH,Exclude,,,,
BLME,BLUE LOTUS OCEAN LINE LIMITED,Exclude,,,,
BPIJ,BLUE PI CORPORATION CO LTD,Exclude,,,,
BPMP,BLUE SHIPS LIMITED,Exclude,,,,
BLWM,BLUE WATER MARITIME AKA WILLIAM HUMPHREY,Exclude,,,,
BWMP,BLUE WAVE LINE NV,Exclude,,,,
BMCM,BLUEPOOL PANAMAX LTD,Exclude,,,,
BUKW,BOOKING UNION (CHN) CO LTD,Exclude,,,,
BKMV,BORINKEN MARINE AGENCY INC,Exclude,,,,
BOUK,BOSKALIS OFFSHORE INTERNATIONAL B.V.,Exclude,,,,
BOYT,BOYER TOWING INC,Exclude,,,,
BPXE,BP EXPLORATION & PRODUCTION INC,Exclude,,,,
BISJ,BPI INTERNATIONAL SHIPPING LIMITED,Exclude,,,,
BRDT,BRIDGESTONE LOGISTICS CO LTD,Exclude,,,,
BRWI,BROKTON CORP,Exclude,,,,
BTFW,BRUSCO TUG & BARGE,Exclude,,,,
BZZN,BRUZZONE SHIPPING INC,Exclude,,,,
BBVF,BTS LOGISTICS B.V.,Exclude,,,,
BELJ,BULBOUS ENVIRONMENTAL & LOGISTICS INC,Exclude,,,,
BEKD,BW EPIC KOSAN MARITIME PTE LTD,Exclude,,,,
BGDY,BW GAS LPG CHARTERING PTE LTD,Exclude,,,,
BWOG,BW LPG POOL PTE LTD,Exclude,,,,
BYTG,BYRON TWO ONE (21) LTD,Exclude,,,,
CPWB,C P WORLD LLC,Exclude,,,,
CSMC,CAPITAL SHIP MANAGEMENT CORP,Exclude,,,,
CMMD,CARDINAL MARITIME LIMITED,Exclude,,,,
CCGH,CARGO CONSOLIDATORS AGENCY LTD.,Exclude,,,,
CCLL,CARGO CONTAINER LINE LIMITED,Exclude,,,,
PCXS,CARGO MARKETING SERVICES LIMITED,Exclude,,,,
CGWW,CARGOLIVE WORLDWIDE LOGISTICS LLC,Exclude,,,,
CWLT,CARGOWAYS LOGISTICS INCORPORATED,Exclude,,,,
CGZL,CARGOZONE LOGISTICS INC,Exclude,,,,
CFPR,CARIBE FREIGHT FORWARDING OF PUERTO RICO INC,Exclude,,,,
CRNV,CARNIVAL CRUISE LINES,Exclude,,,,
CPUD,CARNIVAL PLC (UK),Exclude,,,,
CFGG,CARRIER FIVE THREE (CARRIER53) SHIPPING GMBH,Exclude,,,,
CGLS,CASIA GLOBAL LOGISITICS CO LTD,Exclude,,,,
CQLY,CELEBRITY CRUISES,Exclude,,,,
CNUO,CENTAURI TRANSPORT,Exclude,,,,
CDST,CENTRAL DISPATCH INC,Exclude,,,,
CEPV,CENTRAL EXPRESS INTL CO LTD,Exclude,,,,
CMWQ,CENTRAL MARE INC,Exclude,,,,
CISW,CENTRAL MARINE LOGISTICS INC,Exclude,,,,
CIQK,CENTRANS INTERNATIONAL CORP,Exclude,,,,
CFUM,CHAPPLE FUELS LIMITED,Exclude,,,,
SBXM,CHARLES KENDALL FREIGHT,Exclude,,,,
CHBG,CHARTER BROKERAGE LLC,Exclude,,,,
CKLN,CHEMIKALIEN SEETRANSPORT GMBH,Exclude,,,,
CNIH,CHINAARTS INTERTRANS (SHANGHAI) CO LTD,Exclude,,,,
CHSL,CHRISTAL LINES,Exclude,,,,
CWQG,CIMC WETRANS LOGISTICS TECHNOLOGY (HONG KONG) COMPANY LIMITED,Exclude,,,,
CJKC,CJ LOGISTICS CORPORATION,Exclude,,,,
CJAE,CJ LOGISTICS FREIGHT AMERICA,Exclude,,,,
CJCA,"CJC LOGISTICS, LLC",Exclude,,,,
CRFN,CLEARFREIGHT,Exclude,,,,
CUOL,CLOUD OCEAN LINE LIMITED,Exclude,,,,
CFVM,CLOVERLEAF VENTURES INC,Exclude,,,,
CMDU,CMA-CGM,Exclude,,,,
COSP,COLUMBIA SHIPMANAGEMENT LTD,Exclude,,,,
CPJE,CONCEPT PROJECT LINE LTD,Exclude,,,,
CLUA,"CONCEPTUM LOGISTICS (USA), LLC",Exclude,,,,
CCMK,CONCORD MARITIME LLC,Exclude,,,,
CKIB,COOK INLET TUG & BARGE LLC,Exclude,,,,
CCXQ,COOL COMPANY MANAGEMENT LIMITED,Exclude,,,,
COSU,COSCO SHIPPING LINES CO LTD,Exclude,,,,
CPDV,CPD ALASKA LLC,Exclude,,,,
CPUV,CPT ALLIANCE LTD,Exclude,,,,
CWLQ,CROWLEY CARIBBEAN SERVICES LLC,Exclude,,,,
CLAM,CROWLEY LATIN AMERICA SERVICES LLC,Exclude,,,,
CWPS,CROWLEY PETROLEUM SERVICES INC,Exclude,,,,
CVJD,CRYSTAL CRUISES LTD,Exclude,,,,
DBGA,D B GROUP AMERICA LTD,Exclude,,,,
DWSH,DALIAN WANLIAN SUPPLY CHAIN MANAGEMENT CO LTD,Exclude,,,,
DMIW,DALVAN MARINE INC,Exclude,,,,
DMCW,DANIEL MARINE CORP,Exclude,,,,
DANN,DANIO SHIPPING LIMITED,Exclude,,,,
DMAL,DANMAR LINES LTD,Exclude,,,,
DNYC,DART GLOBAL LOGISTICS,Exclude,,,,
DPLW,DAVA PTE LTD,Exclude,,,,
DLVR,DELIVERY ON TIME LTD,Exclude,,,,
DISO,DELTRANS INTERNATIONAL SHIPPING CORPORATION,Exclude,,,,
DOUQ,DEME OFFSHORE US LLC,Exclude,,,,
DDVN,DENAK DEPOCULUK VE NAKLIYECILIK A S,Exclude,,,,
DOTD,DEUGRO OCEAN TRANSPORT INC,Exclude,,,,
DCRL,DISNEY CRUISE LINE,Exclude,,,,
DOLQ,DOLE OCEAN CARGO EXPRESS,Exclude,,,,
DFBA,DORAL FREIGHT LOGISTICS INC,Exclude,,,,
DOAI,DORCHESTER ASSOCIATES INC,Exclude,,,,
DLMP,DORIAN LPG MANAGEMENT CORP,Exclude,,,,
DCWP,DRAFT CARGOWAYS INDIA PRIVATE LIMITED,Exclude,,,,
DCLT,DRAGON CARRIERS LTD,Exclude,,,,
DSVF,DSV AIR & SEA INC. DBA. DSV OCEAN TRANSPORT,Exclude,,,,
DOSO,DSV MARINE SERVICES,Exclude,,,,
DFDS,DSV OCEAN TRANSPORT A/S,Exclude,,,,
DLHT,DT LOGISTICS (HK) LTD,Exclude,,,,
EMML,EASTERN MEDITERRANEAN MARITIME LIMITED,Exclude,,,,
ESWW,"EASTERN SHIPPING WORLDWIDE, INC.",Exclude,,,,
ECUW,ECU WORLDWIDE,Exclude,,,,
EFED,EFE,Exclude,,,,
EFEH,EFE SHIPPING & TRADING HELLAS SA,Exclude,,,,
EFLR,EFL CONTAINER LINES LLC,Exclude,,,,
EGET,EGETRANS USA INC,Exclude,,,,
EMSA,ELEMENT MARITIME S A,Exclude,,,,
ELYW,ELYMNIOS MARITIME INC,Exclude,,,,
EMTY,EM TRANSFER INC,Exclude,,,,
EMLT,EM-LINES LIMITED,Exclude,,,,
EMCS,EMPEROR MARINE CO SA,Exclude,,,,
ENHE,ENERGOS INFRASTRUCTURE,Exclude,,,,
EOFF,ENSCO OFFSHORE COMPANY,Exclude,,,,
ESCH,ENYO SHIPPING CO LTD,Exclude,,,,
EPSD,EPS CHARTERING UK,Exclude,,,,
EUIA,ERIXMAR USA INC,Exclude,,,,
JERS,ERNST JACOB (GMBH & CO KG),Exclude,,,,
EAID,ESTES FORWARDING WORLDWIDE LLC (OCEAN),Exclude,,,,
ESNV,ESTORIL NAVIGATION LTD,Exclude,,,,
EMLW,ETOILE MARINE LIMITED,Exclude,,,,
EURN,EURONAV NV,Exclude,,,,
ECSG,EUROTRANS CHARTER SDN BHD,Exclude,,,,
ELCK,EUSU LOGISTICS CO LTD,Exclude,,,,
ECGF,EV CARGO GLOBAL FORWARDING,Exclude,,,,
EGLV,EVERGREEN LINE,Exclude,,,,
EBRV,EXCELERATE ENERGY,Exclude,,,,
EHMW,EXECUTIVE SHIP MANAGEMENT PTE LTD,Exclude,,,,
EXMQ,EXMAR,Exclude,,,,
EXDO,EXPEDITORS INTERNATIONAL OF WASHINGTON INC,Exclude,,,,
ECSP,EXPRESS CONSOLIDATION SYSTEMS CORP,Exclude,,,,
FALI,F A R LOGISTICS INCORPORATED,Exclude,,,,
FVAE,F V NORTH WIND INC,Exclude,,,,
FMAA,FALCON MARITIME AND AVIATION INC,Exclude,,,,
FCIF,FAN CHENG INTERNATIONAL TRANSPORTATION SERVICE CO LTD,Exclude,,,,
FNLI,FATTON LOGISTICS INC,Exclude,,,,
FCCJ,FCC LOGISTICS INC,Exclude,,,,
FEGW,FEDERATED MARITIME LLC,Exclude,,,,
FTNV,FEDEX LOGISTICS INC,Exclude,,,,
FDVG,FIBER DENIZCILIK VE GEMI ISLETMECILIGI TIC A S,Exclude,,,,
FVOL,FINAV ONE LIMITED,Exclude,,,,
FXLW,FLEX LNG LTD,Exclude,,,,
FMVD,FLYNN VENTURES LTD,Exclude,,,,
FMAL,FMA-LINE,Exclude,,,,
FMSW,FMS SEAWAYS AG,Exclude,,,,
FSGJ,FOPPIANI SHIPPING & LOGISTICS S R L,Exclude,,,,
FSIH,FOREST SHIPPING WORLDWIDE LIMTED,Exclude,,,,
FSDH,FORZINA SHIPPING COMPANY LIMITED,Exclude,,,,
FSMC,FOSS MARITIME COMPANY,Exclude,,,,
FSGT,FOUR SEASON LOGISTICS CORPORATION,Exclude,,,,
FEVM,FOUREVER INTERNATIONAL LIMITED,Exclude,,,,
FUPT,FRATOGO WORLDWIDE LLC,Exclude,,,,
FZLD,FREIGHTZEN LOGISTICS LTD,Exclude,,,,
FSIO,FSI CARGO CORP,Exclude,,,,
FFCY,FUTURE FORWARDING COMPANY,Exclude,,,,
FKCO,"FUYO KAIUN CO.,LTD",Exclude,,,,
GACK,GAC SHIPPING (USA) INC,Exclude,,,,
GLNL,GALENE LOGISTICS INC,Exclude,,,,
GBWQ,GEBRUDER WEISS INC,Exclude,,,,
GNMT,GENERAL NATIONAL MARITIME TRANSPORT COMPANY,Exclude,,,,
GLCA,GLC OCEAN LINES LIMITED,Exclude,,,,
GACM,GLOBAL AIR COMPASS MARINE LOGISTICS BV,Exclude,,,,
GBNS,GLOBAL LOGISTICS ASSOCIATES,Exclude,,,,
GMTQ,GLOBAL MARITIME TRUST (S) PTE LTD,Exclude,,,,
GBTR,GLOBAL TRADE & CUSTOMS INC,Exclude,,,,
GBOR,GLOBAL TRANSPORTATION CORPORATION,Exclude,,,,
GXPS,GLOBE EXPRESS SERVICES LTD,Exclude,,,,
GLQN,GLORIA MARIS S.A.,Exclude,,,,
GLVS,GLOVIS AMERICA INC,Exclude,,,,
GNFB,GNFB3 CO INC,Exclude,,,,
GOSA,GOL LLC,Exclude,,,,
GOLE,GOLDEN OCEAN LINE LTD,Exclude,,,,
GHAV,GPO HEAVYLIFT AS,Exclude,,,,
GHMS,GRAHAM SHIPPING CO,Exclude,,,,
GDHN,GRAIN DE SAIL SHIPPING,Exclude,,,,
GESL,GREAT EASTERN SHIPPING CO LTD,Exclude,,,,
GMCJ,GREENHEART MANAGEMENT,Exclude,,,,
GNSC,GREENSEA INC,Exclude,,,,
GRPG,GREY SHIPS LIMITED,Exclude,,,,
GMGO,GRIMALDI GROUP S P A,Exclude,,,,
GSGK,GTS SHIPMANAGEMENT GMBH & CO KG,Exclude,,,,
GSDR,GUANGDONG SEA-DREAMS LOGISTICS TECHNOLOGY CO LTD,Exclude,,,,
GUCC,GULF ENERGY MARITIME (GEM) PJSC,Exclude,,,,
GHSC,GULF HARBOR SHIPPING LLC,Exclude,,,,
GMCE,GULF MARINE CONTRACTORS,Exclude,,,,
GLFS,GULFSTREAM LINE INC,Exclude,,,,
GVWS,GULFVIEW SHIPPING CO S A,Exclude,,,,
GUNG,GUNGEN DENIZCILIK VE TICARET A S,Exclude,,,,
HYHC,H Y H CONTAINER LINE,Exclude,,,,
HFCM,H. FOLMER & CO. I/S,Exclude,,,,
SUDU,HAMBURG SUED,Exclude,,,,
HITP,HANKYU HANSHIN EXPRESS (USA) INC,Exclude,,,,
HCLL,HANSEATIC CONTAINER LINE LTD,Exclude,,,,
HLCU,HAPAG LLOYD A G,Exclude,,,,
HKNT,HARKEN TOWING CO LTD,Exclude,,,,
HGCH,HARPAINGAS GMBH & CO KG,Exclude,,,,
HSBV,HARTMAN SEATRADE BV,Exclude,,,,
HYSL,HECNY SHIPPING LIMITED,Exclude,,,,
HRMA,HEEREMA MARINE CONTRACTORS,Exclude,,,,
HMBR,HELMSLEY MANAGEMENT LLC,Exclude,,,,
HCLE,HELVETIA CONTAINER LINE,Exclude,,,,
HTMC,HENRY TANKER COMPANY LLC,Exclude,,,,
HDES,HERPORT,Exclude,,,,
HSCW,HIGHLINK SHIPPING,Exclude,,,,
HFZI,HN FIVE ZERO FOUR SIX (HN5046) LIMITED,Exclude,,,,
HTKY,HOLLIS TRUCKING COMPANY,Exclude,,,,
HONW,HONG GLORY INTERNATIONAL SHIPPING COMPANY LIMITED,Exclude,,,,
HMLQ,HONOLULU MARINE LLC,Exclude,,,,
HNLT,HONOUR LANE SHIPPING LTD,Exclude,,,,
HORI,HORIZON LINE S A,Exclude,,,,
HOSC,HORNBECK OFFSHORE SERVICES LLC,Exclude,,,,
HYPA,HS HYOSUNG GLOBAL LOGISTICS VINA COMPANY LIMITED,Exclude,,,,
HYBU,HYBUR LTD,Exclude,,,,
HNVD,HYDROUSSA NAVIGATION LTD.,Exclude,,,,
HYDW,HYDRUS SHIPPING & TRADING S A,Exclude,,,,
IFFQ,IFF INC,Exclude,,,,
IHBS,IHB SHIPPING CO LTD,Exclude,,,,
IINO,"IINO KAIUN KAISHA, LTD.",Exclude,,,,
IMLF,ILIADA MARITIME LTD,Exclude,,,,
ISCA,IMA SHIPPING CO LTD,Exclude,,,,
IMQD,IMPERATIVE LOGISTICS LLC,Exclude,,,,
IILU,INDEPENDENT CONTAINER LINE LTD,Exclude,,,,
ISAN,INFINITY S A,Exclude,,,,
ICLD,INTERGIS CO LTD,Exclude,,,,
ITGB,INTERGLOBO NORTH AMERICA INC,Exclude,,,,
IUSI,INTERLOG USA INC,Exclude,,,,
IFTC,INTERNATIONAL FREIGHT TRANSPORT INC,Exclude,,,,
INPA,INTERNATIONAL PACIFIC HALIBUT COMMISSION,Exclude,,,,
IMST,INTERORIENT MARINE SERVICES LTD,Exclude,,,,
INZP,INTERORIENT SHIPMANAGEMENT CYPRUS LIMITED,Exclude,,,,
INUI,INUI GLOBAL LOGISTICS CO LTD,Exclude,,,,
ISWN,ISEWAN USA INC,Exclude,,,,
ISLT,ISLAND TUG & BARGE,Exclude,,,,
JASR,JADE ALLIANCE SHIPPING PTE LTD,Exclude,,,,
JDNR,JAN DE NUL US,Exclude,,,,
JLCE,JAPAN LOGISTICS CORPORATION,Exclude,,,,
JAPT,JAPAN TRUST CO LTD,Exclude,,,,
BWLE,JAS FORWARDING (H.K.) LIMITED,Exclude,,,,
JOBE,JONES MARINE GROUP,Exclude,,,,
JHVA,"JONES, HARVEY VESSEL AGENTS INC",Exclude,,,,
JSSY,JOO SUNG SEA & AIR CO LTD,Exclude,,,,
JSKY,JSK LINES,Exclude,,,,
JOLM,JUPITER ONE (1) LIMTED,Exclude,,,,
JSLN,JUPITER SIXTEEN (16) LIMITED,Exclude,,,,
JPTL,JUPITER TWO (2) LIMTED,Exclude,,,,
JMLY,JUST MARINE LOGISTICS LLC,Exclude,,,,
KSIP,K SHIPS DENIZCILIK TICARET LIMITED SIRKETI,Exclude,,,,
KMGM,KAMIGUMI CO LTD,Exclude,,,,
KTOE,KANARIS TWENTY ONE (21) LTD,Exclude,,,,
GKLN,"KARL GROSS LOGISTICS (USA), INC.",Exclude,,,,
KRLN,KARLIN NAVIGATION LTD,Exclude,,,,
KLJC,KASY LOGISTICS (TIANJIN) CO LTD,Exclude,,,,
KWCH,KAWANISHI WAREHOUSE CO LTD,Exclude,,,,
KEOM,KEMOR SHIPPING INC,Exclude,,,,
KFUN,KERRY FREIGHT (USA) INC,Exclude,,,,
KLQI,KESCO LOGISTICS INC,Exclude,,,,
KOSL,KING OCEAN SERVICES LIMITED INC,Exclude,,,,
KSHV,KING SHIPPING COMPANY,Exclude,,,,
KWLD,KINGWOOD LOGISTICS LTD,Exclude,,,,
KWEO,KINTETSU WORLD EXPRESS INC,Exclude,,,,
KSEA,KIRBY OFFSHORE MARINE,Exclude,,,,
KSEN,KNUTSEN O A S SHIPPING A/S,Exclude,,,,
KOSA,KOKUKA SANGYO,Exclude,,,,
KSSE,KSS LINE LTD,Exclude,,,,
KLTM,KYRAKATINGO LTD,Exclude,,,,
LULM,LANDBRIDGE UNIVERSAL LIMITED,Exclude,,,,
LSLG,LANDSTAR GLOBAL LOGISTICS INC,Exclude,,,,
LGSW,LATGAS SA,Exclude,,,,
LLMG,LATSCO LNG MARINE MANAGEMENT INC,Exclude,,,,
LSBV,LAYLA SHIPPING BV,Exclude,,,,
LDOM,LD FREIGHT SOLUTIONS,Exclude,,,,
LSEL,LD SEAPLANE S A S,Exclude,,,,
LJIT,LEI TENG ENTERPRISE LIMITED,Exclude,,,,
LIST,LEMAN A/S,Exclude,,,,
LSLF,LEMISSOLER SHIPMANAGEMENT LTD,Exclude,,,,
LPUS,LINEA PENINSULAR INC,Exclude,,,,
LIVQ,LISBON SHIPPING,Exclude,,,,
LLME,LOAD LINE MARINE SA,Exclude,,,,
LRVS,LOCHER EVERS INTERNATIONAL,Exclude,,,,
LSKH,LOGIMARK SHIPPING LINE LIMITED,Exclude,,,,
LGWD,LOGISTEED EXPRESS LTD,Exclude,,,,
VHFL,LOGISTEED EXPRESS LTD F/K/A VANTEC HTS FORWARDING LTD,Exclude,,,,
LPLM,LOGISTICS PLUS,Exclude,,,,
LGXB,LOGX LLC,Exclude,,,,
LPRO,LP GLOBAL (FREIGHT WATCH LLC D/B/A),Exclude,,,,
MCPV,MAC SUPPLY CHAIN SOLUTIONS PVT LTD,Exclude,,,,
MAEU,MAERSK LINE,Exclude,,,,
MAEI,MAERSK LINE LIMITED,Exclude,,,,
MZLY,MAERSK LOGISTICS & SERVICES INTL A/S,Exclude,,,,
MFCH,MAGNUM FREIGHT CORPORATION,Exclude,,,,
MBCL,"MAILBOAT COMPANY LTD, THE",Exclude,,,,
MFGT,MAINFREIGHT INC,Exclude,,,,
MALY,MALLORY TRANSPORTATION,Exclude,,,,
MDNC,MANTA DENIZCILIK NAKLIYAT VE TI LTD STI,Exclude,,,,
MAAV,MARAN GAS MARITIME INC,Exclude,,,,
MFUS,MARFRET CONTAINER LINES,Exclude,,,,
MFYD,MARGARITAVILLE AT SEA,Exclude,,,,
MXRS,MARINE EXPRESS INC,Exclude,,,,
MNWE,MARINE TRANS USA LLC,Exclude,,,,
MDUI,MARINETRANS INDIA LIMITED,Exclude,,,,
MBVV,MARLA TRADING,Exclude,,,,
MDVI,MARTI DENIZCILIK VE GEMI ISLETMECILIGI A S,Exclude,,,,
MFWS,MARYAM SHIPPING S A,Exclude,,,,
MATS,MATSON NAVIGATION CO,Exclude,,,,
MLIL,MAXWIDE LOGISTICS INC,Exclude,,,,
MFNO,MCFEI TECHNOLOGY & LOGISTICS CO LTD,Exclude,,,,
MLCW,MCLEAN CARGO SPECIALISTS (DIVISION OF CRANE WORLDWIDE LOGISTICS LLC),Exclude,,,,
MCLM,MCL-MULTI CONTAINER LINE INC,Exclude,,,,
MDIA,MEDITERRANEA DI NAVIGAZIONE,Exclude,,,,
MESP,MEGA SHIPPING LIMITED,Exclude,,,,
MMLK,MERCATOR MARINE LINE,Exclude,,,,
MEMW,MERIDIAN MARINE CO LTD,Exclude,,,,
METR,MERTECH GRACE SHIPPING B.V.,Exclude,,,,
MZLM,MERZARIO LIMITED,Exclude,,,,
MGSC,MID-GULF SHIPPING CO INC,Exclude,,,,
MGYA,MIKLAGARD S GEMI ISLETMECILIGI VE TICARET A S,Exclude,,,,
MQRW,MILLENARY SHIPPING LTD,Exclude,,,,
MPOD,MILLER PRECAST LTD,Exclude,,,,
MNVG,MINERVA GAS INC,Exclude,,,,
MIQO,MIQ LOGISTICS,Exclude,,,,
MGNG,MIRAGROWN LOGISTICS CORPORATION,Exclude,,,,
MSBY,MISSION SHIPPING CO LTD,Exclude,,,,
MQLA,MITSUBISHI LOGISTICS AMERICA CORPORATION,Exclude,,,,
MUIK,MITSUI-SOKO CO LTD,Exclude,,,,
MLBG,MLB GMBH & CO KG,Exclude,,,,
MLNH,MLB LOGISTICS,Exclude,,,,
MMSM,MMS,Exclude,,,,
MKBQ,MOCKINGBIRD TRANSPORT INC,Exclude,,,,
MHCK,MOHAWK GLOBAL LOGISTICS CORP,Exclude,,,,
MLGD,MOL LOGISTICS (USA) INC,Exclude,,,,
MLOV,MOL LOGISTICS CO LTD,Exclude,,,,
MPKS,MONTEC SHIP MANAGEMENT DMCC,Exclude,,,,
MOXR,MORRISON EXPRESS CORPORATION (USA),Exclude,,,,
MPRG,MPRS SHIPPING & LOGISTICS PVT LTD,Exclude,,,,
MEDU,MSC MEDITTERRANEAN SHIPPING COMPANY SA,Exclude,,,,
MSCU,MSC-MEDITERRANEAN SHIPPING COMPANY S A,Exclude,,,,
MOSJ,MULTIMODAL OCEAN SERVICES COMPANY INTERNATIONAL LIMITED,Exclude,,,,
MHGQ,MURREE HILLS GROUP OF COMPANIES INC,Exclude,,,,
MVUB,MV TINTO SHIPPING LTD,Exclude,,,,
NAQA,NACA (VANGUARD LOGISTICS SERVICES),Exclude,,,,
NGTL,NAIGAI TRANS LINES LTD,Exclude,,,,
NSQL,NAKILAT SHIPPING (QATAR) LIMITED,Exclude,,,,
NJGP,NANJING PETROLEUM TRANSPORTATION(S) PTE.LTD,Exclude,,,,
NCAT,NARVAL CHARTERING AND TRADING S A,Exclude,,,,
NBBQ,NARWHAL SHIPPING LLC,Exclude,,,,
NBAH,NASSAU ENERGY INC,Exclude,,,,
NBHL,NAT BERMUDA HOLDINGS LIMITED,Exclude,,,,
NFZB,NAVISTAR FZCO,Exclude,,,,
NSVM,NEBE SHIPPING LIMITED,Exclude,,,,
NPDT,NEPTUNE PACIFIC DIRECT LINE PTE LTD,Exclude,,,,
NFGW,NEW AMITY SHIPPING & TRADING INC,Exclude,,,,
NMCO,NEW MARINE CONSOLIDATOR CO LTD,Exclude,,,,
NWPA,NEWPORT S A,Exclude,,,,
NSOM,NEXANS SUBSEA OPERATIONS AS,Exclude,,,,
NLGL,"NEXT LOGISTICS GROUP, LLC",Exclude,,,,
NFNG,NFENERGIA LLC,Exclude,,,,
NMCW,NIEVES MARITIME CORP,Exclude,,,,
NIAV,NINGBO BONDED AREA XINLIANDA LOGISTICS CO LTD,Exclude,,,,
NPKP,NIPPON KONPO UNYU SOKO CO LTD,Exclude,,,,
NISG,NIRIIS SHIPPING S A,Exclude,,,,
NMTE,NMT LINES,Exclude,,,,
NNRG,NNR GLOBAL LOGISTICS,Exclude,,,,
NGLG,NNR GLOBAL LOGISTICS (SHANGHAI) CO LTD,Exclude,,,,
NWBJ,NOBLE WORLDWIDE LOGISTICS LLC,Exclude,,,,
NMIN,NORA MARINE INC,Exclude,,,,
NSUD,NORBULK SHIPPING UK LTD,Exclude,,,,
NSDS,NORD-SUD SHIPPING INC,Exclude,,,,
NSAJ,NORTHCLIFFE OCEAN SHIPPING & TRADING INC,Exclude,,,,
NLIR,NORTON LILLY INTERNATIONAL,Exclude,,,,
NOCL,NORWEGIAN CRUISE LINES,Exclude,,,,
ASGN,NTG AIR & OCEAN LLC F/K/A ARIES GLOBAL LOGISTICS INC,Exclude,,,,
NCLI,NVO CONSOLIDATION LINES,Exclude,,,,
NXGW,NX GLOBAL OCEAN NETWORK PTE.LTD.,Exclude,,,,
NYKE,NYK ENERGY TRANSPORT (ATLANTIC) LTD,Exclude,,,,
OBEP,OCEAN BLUE EXPRESS INC,Exclude,,,,
OFEL,OCEAN FREIGHT EXPRESS LLC,Exclude,,,,
ONEY,OCEAN NETWORK EXPRESS PTE LTD,Exclude,,,,
OWLQ,OCEAN WIDE LOGISTICS INC,Exclude,,,,
OAFH,OCEANAIR FORWARDING INC,Exclude,,,,
OCBS,OCEANBRIDGE SHIPPING LTD,Exclude,,,,
OCCQ,OCEANIA CRUISES INC,Exclude,,,,
OIAG,OIA GLOBAL LOGISTICS,Exclude,,,,
OCCA,OMAN CHARTER COMPANY SAOC,Exclude,,,,
OSMY,OMAN SHIP MANAGEMENT COMPANY S A O C,Exclude,,,,
OERT,ORIENT EXPRESS CONTAINER CO LTD,Exclude,,,,
OOLU,ORIENT OVERSEAS CONTAINER LINE LTD,Exclude,,,,
OSLN,ORIENT STAR LOGIX CO LTD,Exclude,,,,
OMCI,ORION MARINE CONSTRUCTION INC,Exclude,,,,
OSMR,OSG SHIP MANAGEMENT INC,Exclude,,,,
OSMH,OSM SHIP MANAGEMENT AS,Exclude,,,,
OVOC,OVEROCEANS INC,Exclude,,,,
OWLV,OW LOGISTICS USA LLC,Exclude,,,,
PWOP,P TWO P (P2P) LOGISTICS,Exclude,,,,
PSEA,PACIFIC STAR EXPRESS (CHINA) CO LTD,Exclude,,,,
PICJ,PACTRA INTERNATIONAL CO LTD,Exclude,,,,
PSHF,PAPA SHIPPING CO (HELLAS) S A,Exclude,,,,
PGDH,PARISI GRAND SMOOTH LOGISTICS LTD,Exclude,,,,
PSGP,"PASHA GROUP, THE",Exclude,,,,
PLGJ,PATSON LOGISTICS LIMITED,Exclude,,,,
PGAA,PEGASUS LOGISTICS GROUP,Exclude,,,,
PGSM,PEGASUS MARITIME INC,Exclude,,,,
PUSJ,PELORUS SHIPPING LINE LIMITED,Exclude,,,,
PEMY,PEMONT LTD,Exclude,,,,
PSQJ,PENANSHIN SHIPPING PTE LTD,Exclude,,,,
PVID,PENAVICO INTERNATIONAL LOGISTICS CO LTD,Exclude,,,,
PEZN,PERFORMANCE SHIPPING MANAGEMENT INC,Exclude,,,,
PEXF,PETCO TRADING (UK) LIMITED,Exclude,,,,
PRGH,PETER DOEHLE SCHIFFAHRTS-KG,Exclude,,,,
PIFL,PINNACLE INTERNATIONAL FREIGHT LTD,Exclude,,,,
PSLY,PLATIA SHIPPING LTD,Exclude,,,,
PMTE,PMI TRADING LIMITED,Exclude,,,,
PNSJ,PNS NETWORKS CO LTD,Exclude,,,,
PONP,POINTER TRANSPORT LLC,Exclude,,,,
PCMV,PORT CITY MARINE SERVICES,Exclude,,,,
PFWD,PORT FORWARDING INC,Exclude,,,,
PBAQ,POWER BEYOND BELIEF LLC,Exclude,,,,
PCSJ,PRIMA CORPORATION S A,Exclude,,,,
PRIM,PRIME SHIPPING INTERNATIONAL INC,Exclude,,,,
PBSM,PRIMEBULK SHIPMANAGEMENT LTD,Exclude,,,,
PNSS,PRINCESS CRUISES,Exclude,,,,
PSPR,PROPEL SHIPPING PTE LTD,Exclude,,,,
PSBD,PROSMO SOLUTIONS INCORPORATED,Exclude,,,,
PRYY,PRYSMIAN CABLES AND SYSTEMS USA LLC,Exclude,,,,
PSLD,PSILI SHIPPING LIMITED,Exclude,,,,
PPIL,PUDONG PRIME INTL LOGISTICS INC,Exclude,,,,
PUTY,PURPLE SHIPS LIMITED,Exclude,,,,
PMSO,PURUS MARINE TECH PTE. LTD.,Exclude,,,,
PURV,PURVIS MARINE,Exclude,,,,
PXGE,PXGEO US INC,Exclude,,,,
PYMN,PYRAMID LINES SINGAPORE PTE LTD,Exclude,,,,
PSBF,PYRAMOS SHIPPING LTD,Exclude,,,,
PMCW,PYXIS MARITIME CORP.,Exclude,,,,
QLND,Q LINE,Exclude,,,,
QSBV,Q SHIPPING B V,Exclude,,,,
QZIA,QINGDAO ZHUOSHIFENG INTERNATIONAL LOGISTICS CO LTD,Exclude,,,,
QRSM,QUALITY RED SHIPPING LINE LIMITED,Exclude,,,,
RIII,RADIUS INTERNATIONAL INC,Exclude,,,,
RAMD,RAMINATRANS SL,Exclude,,,,
RLCL,RAMSES LOGISTICS CO LTD,Exclude,,,,
RLYT,REAL LOGISTICS CO LTD,Exclude,,,,
RSMV,RED SEA MARINE SERVICES,Exclude,,,,
RNKO,REEDEREI NORD GMBH,Exclude,,,,
RGLW,REGENCY GLOBAL LOGISTICS,Exclude,,,,
RSSC,REGENT SEVEN SEAS CRUISES INC,Exclude,,,,
RLFD,RELIANCE FINANCE CO LTD,Exclude,,,,
RIAV,RIA LOGISTICS LLC,Exclude,,,,
RIMY,RICHARD MURRAY & CO.,Exclude,,,,
RWPL,RIF WORLDWIDE PLC,Exclude,,,,
RIMH,RIM LOGISTICS LTD,Exclude,,,,
RCYK,"RITZ-CARLTON YACHT COLLECTION, THE",Exclude,,,,
RLUS,ROHLIG USA LLC,Exclude,,,,
RSEC,ROSE CONTAINERLINE INC,Exclude,,,,
RSMT,ROSS MARITIME INC,Exclude,,,,
RWRD,ROUND-THE-WORLD LOGISTICS (USA) CORP,Exclude,,,,
RJGS,"ROUSSOS, J G SHIPPING SA",Exclude,,,,
RCCU,ROYAL CARIBBEAN CRUISE LINE,Exclude,,,,
SBUD,S BULKERS LTD,Exclude,,,,
SSLL,SACO SHIPPING LINE LIMITED,Exclude,,,,
SWLV,SAFEWATER LINES INDIA PRIVATE LIMITED,Exclude,,,,
SFOK,SAFROUND LOGISTICS CO LTD,Exclude,,,,
TZJN,SAMSON LOGISTIQUES,Exclude,,,,
SNHP,SANCO HOLDING AS,Exclude,,,,
SYUQ,SANKYU INC,Exclude,,,,
SYXO,SAR TRANSPORT SYSTEMS PRIVATE LIMITED,Exclude,,,,
SASM,SAS COMPAGNIE MARITIME NANTAISE- MN,Exclude,,,,
SVDL,SAVINO DEL BENE S P A,Exclude,,,,
SDBJ,SAVINO DEL BENE USA INC,Exclude,,,,
SSPB,SBL USA INC,Exclude,,,,
SBZY,SBS TOSHIBA LOGISTICS CORPORATION,Exclude,,,,
SGBW,SCAN GLOBAL LOGISTICS,Exclude,,,,
SNSG,SCAN-SHIPPING INC,Exclude,,,,
SCQH,SCANWELL CONTAINER LINE LTD,Exclude,,,,
SLRM,SCORPIO LR TWO (2) POOL LTD,Exclude,,,,
SSMV,SCORPIO SHIP MANAGEMENT SAM,Exclude,,,,
SDAL,SDA LOGISTICS CO LTD,Exclude,,,,
SEJG,SE JUNG SHIPPING CO LTD,Exclude,,,,
SXUQ,SEA BRIDGE SHIPPING MANAGEMENT CO LTD,Exclude,,,,
SKMG,SEA HAWK MARINE LOGISTICS LLC,Exclude,,,,
SJHH,SEA LEAD SHIPPING PTE LTD,Exclude,,,,
SOFO,SEA OG OFFSHORE LLC,Exclude,,,,
SMLU,SEABOARD MARINE LTD,Exclude,,,,
SCBL,SEABOURN CRUISE LINE (HOLLAND AMERICA LINE NV),Exclude,,,,
SBCG,SEABRIDGE MARINE SERVICES LTD,Exclude,,,,
SECV,SEACAT LINE,Exclude,,,,
SGOI,SEAFRIGO USA INC,Exclude,,,,
SRKF,SEAGUARDIAN TANKER LIMITED,Exclude,,,,
SEBT,"SEAJACKS UK, LTD",Exclude,,,,
SMOY,SEAPEAK MARITIME LIMITED,Exclude,,,,
SGTY,SEASPAN ENERGY LIMITED,Exclude,,,,
QEBQ,SEASPAN SHIP MANAGEMENT LTD,Exclude,,,,
SFNG,SEAWAY 7 US INC,Exclude,,,,
SWLD,SEAWORLD MANAGEMENT & TRADING,Exclude,,,,
SEIN,"SEINO LOGIX CO.,LTD.",Exclude,,,,
QEML,SEKO CONTAINER LINES PTE. LTD.,Exclude,,,,
SGTQ,SERVIPORT MARINE LINE (SVL) CORP,Exclude,,,,
SGLS,SGL EXPRESS LINE,Exclude,,,,
SFZI,SHANGHAI ALLIANCE INTERNATIONAL FREIGHT FORWARDING CO LTD,Exclude,,,,
SVIV,SHANGHAI EVEREST INTERNATIONAL LOGISTICS CO LTD,Exclude,,,,
SSNF,SHANGHAI SUPREME INTERNATIONAL FREIGHT FORWARDING CO LTD,Exclude,,,,
SZHE,SHANGHAI ZHENHUA SHIPPING CO LTD,Exclude,,,,
SHRA,SHARE LOGISTICS INC,Exclude,,,,
MUWR,SHENZHEN MAOTENG SUPPLY CHAIN MANAGEMENT CO LTD,Exclude,,,,
SZNG,SHENZHEN PERWAYS LOGISTICS CO LTD,Exclude,,,,
SHPT,SHIPCO TRANSPORT INC,Exclude,,,,
SCYE,SIEM CAR CARRIERS AS,Exclude,,,,
SVSC,SILVERSEA CRUISES LTD,Exclude,,,,
SNYP,SINERGY CARGO MANAGEMENT ITALY SRL,Exclude,,,,
SSCC,SINOTRANS SOUTH CHINA CONTAINER LOGISTICS CO LTD,Exclude,,,,
SXCO,SINPEX CONNECTION LOGISTICS LTD,Exclude,,,,
SYGO,SKY G LOGISTICS LIMITED,Exclude,,,,
SVWH,SKYVIEW MARINE CO S A,Exclude,,,,
SMLM,SM LINE CORPORATION,Exclude,,,,
SQXN,SMART SOLUTIONS LINE FZE,Exclude,,,,
SNHB,SOONEST EXPRESS INC,Exclude,,,,
SAIJ,SOUTH AMERICAN INDEPENDENT LINE,Exclude,,,,
SDAO,SOUTHEAST DEVELOPMENT AND TRANSPORTATION,Exclude,,,,
SUGD,SP CRUISES OPCO LIMITED,Exclude,,,,
SQHA,SPANACO SIX,Exclude,,,,
SXLM,SPARX LOGISTICS USA LIMITED,Exclude,,,,
SLCC,"SPEEDIER LOGISTIC CO.,LTD.",Exclude,,,,
SVCN,SPRING VALLEY SHIPPING MANAGEMENT,Exclude,,,,
SSHG,SPRINGFIELD SHIPPING CO PANAMA SA,Exclude,,,,
SABC,STAR ASIA INTERNATIONAL INC,Exclude,,,,
TCMA,STATU GEMI KIRALAMA TIC LTD STI,Exclude,,,,
SYNY,STENERSEN CHARTERING,Exclude,,,,
SUBS,SUBSEA SEVEN 7 (US) LLC,Exclude,,,,
SAAV,SUISSE ATLANTIQUE SOCIETE DE NAVIGATION MARITIME SA,Exclude,,,,
SGBO,SUMISHO GLOBAL LOGISTICS CO LTD,Exclude,,,,
SUWH,"SUMITOMO WAREHOUSE CO LTD, THE",Exclude,,,,
SSCN,SUNGWON SEA & AIR CO LTD,Exclude,,,,
SNYL,SUNNY INTERNATIONAL LOGISTICS INC,Exclude,,,,
SUPS,SUPER TRANS LINES INC,Exclude,,,,
SYLC,SUZHOU YUN LOGISTICS TECHNOLOGY CO LTD,Exclude,,,,
SIFK,SWIFT CARGO INC,Exclude,,,,
SYGR,SYNERGY GROUP,Exclude,,,,
SYJN,SYNERGY MARINE COMMERCIAL MANAGEMENT PTE LTD,Exclude,,,,
THGL,T H I LOGISTICS CO LTD,Exclude,,,,
TWMF,TAEWOONG LOGISTICS CO LTD,Exclude,,,,
TXSL,TAICANG XINTAI INTERNATIONAL SHIPPING AGENCY CO LTD,Exclude,,,,
TKAS,TAKASE ADD SYSTEM INC,Exclude,,,,
TLSW,TALOS PRODUCTION LLC,Exclude,,,,
TDGT,TANDEM GLOBAL LOGISTICS,Exclude,,,,
THNO,TECHNIP UK LIMITED,Exclude,,,,
TMAY,TEEGRUS MANAGEMENT & AGENCY INC,Exclude,,,,
TFMA,TFMARINE INC,Exclude,,,,
GOLA,THE GREAT OCEAN LINE PTE. LTD.,Exclude,,,,
THJF,THOMAS MARINE LAUNCH SERVICES,Exclude,,,,
TIDL,TIDE LINE INC,Exclude,,,,
TIDM,TIDEWATER MARINE LLC,Exclude,,,,
TMDL,TMS CARDIFF GAS LTD,Exclude,,,,
TSUS,TMT USA INC,Exclude,,,,
TOCC,TOCAT TRANSPORTATION LLC,Exclude,,,,
TGFH,TOLL GLOBAL FORWARDING (HONG KONG) LIMITED,Exclude,,,,
TLEI,TOP LINE LOGISTICS INC,Exclude,,,,
TOWJ,"TOP STAR EXPRESS TAIWAN CO., LTD.",Exclude,,,,
TQPI,TOPASIA INTERNATIONAL LOGISTICS CO LIMITED,Exclude,,,,
TCFL,TOPIC FLEET (MARFIN MANAGEMENT S A M),Exclude,,,,
TSYH,TOTAL TRANSPORT SYSTEMS PVT LTD,Exclude,,,,
TMGT,TOTE MARITIME PUERTO RICO LLC,Exclude,,,,
TFKK,TOYOFUJI SHIPPING CO LTD,Exclude,,,,
TSSK,TRAFALGAR SQUARE SHIPPING COMPANY LIMITED,Exclude,,,,
TZMC,TRANS ATLANTIK DENIZCILIK LIMITED SIRKETI,Exclude,,,,
TGFD,TRANS GLOBAL FREIGHT MANAGEMENT LTD,Exclude,,,,
TSVC,TRANS SERVICE LINE,Exclude,,,,
TCQD,TRANSATLANTICA COMMODITIES PTE LTD,Exclude,,,,
TSJL,TRANSCONTAINER LTD,Exclude,,,,
TGSI,TRANSGAS SHIPPING LINES,Exclude,,,,
TLKP,TRANSLINK SHIPPING INC,Exclude,,,,
TODW,TRANSOCEAN DEEPWATER DRILLING INC,Exclude,,,,
TUAW,TRANSOCEANIC WIND TRANSPORT,Exclude,,,,
TWUD,TRANSWORLD SHIPPING (USA) INC,Exclude,,,,
TWEA,"TRIANGLE MERCHANT MARITIME CO.,  LIMITED",Exclude,,,,
TNYP,TRIDENT NAVIGATION LTD,Exclude,,,,
TECB,TRIPLE EAGLE CONTAINER LINE LTD,Exclude,,,,
TWJC,TROPIC 10 LIMITED,Exclude,,,,
TSCW,TROPICAL SHIPPING & CONSTRUCTION CO,Exclude,,,,
TTOG,TT OCEAN LOGISTICS LLC,Exclude,,,,
TRKU,TURKON CONTAINER TRANSPORTATION & SHIPPING,Exclude,,,,
TUSY,TUSCOR LLOYDS UK LTD,Exclude,,,,
TDGO,TVS SCS GLOBAL FREIGHT SOLUTIONS LIMITED,Exclude,,,,
UILO,U&I LOGISTICS CORPORATION,Exclude,,,,
DCSD,U. DEL CORONA & SCARDIGLI SRL,Exclude,,,,
UBVO,UBV OCEAN & AIR SRL,Exclude,,,,
UCGO,UNICARGO TRANSPORT,Exclude,,,,
ULUI,UNICO LOGISTICS USA INC,Exclude,,,,
UNQL,UNIQUE LOGISTICS INTERNATIONAL (H K) LTD,Exclude,,,,
UNSA,UNISTAR LINE,Exclude,,,,
UABS,UNITED ABACO SHIPPING,Exclude,,,,
UACW,UNITED OVERSEAS MANAGEMENT (HELLAS),Exclude,,,,
USHL,UNITED SHIPPING LINES,Exclude,,,,
UASI,UPS ASIA GROUP PTE LTD,Exclude,,,,
UEUR,UPS EUROPE SPRL,Exclude,,,,
UPOF,UPS OCEAN FREIGHT SERVICES INC,Exclude,,,,
UULN,US UNITED LOGISTICS (NINGBO) INC,Exclude,,,,
UMED,USA MARITIME ENTERPRISES INC,Exclude,,,,
VSAS,VALHALLA SHIP AGENCY,Exclude,,,,
VATE,VASILIKO NAVIGATION SA,Exclude,,,,
VEDA,"VEDER, ANTHONY CHARTERING B V",Exclude,,,,
VGAO,VGL GLOBAL LOGISTICS,Exclude,,,,
VSLD,VICTORIA SHIPPING LTD,Exclude,,,,
VTBI,VICTORIA TUG & BARGE LTD,Exclude,,,,
VLSQ,VIKING LIFE SAVING EQUIPMENT,Exclude,,,,
VOCV,VIKING OCEAN CRUISES OR VIKING CRUISES,Exclude,,,,
VOCS,VIKING RIVER CRUISES INC,Exclude,,,,
VNVG,VIRGIN VOYAGES,Exclude,,,,
VSTA,VISTA LINES,Exclude,,,,
WMSV,WAINWRIGHT MARINE SERVICES LTD,Exclude,,,,
WINA,WALKER INTERNATIONAL TRANSPORTATION LLC,Exclude,,,,
WEST,WEST COAST SHIPPING,Exclude,,,,
WIFW,WESTAR INTERNATIONAL FORWARDERS LP,Exclude,,,,
WFLM,WESTFAL-LARSEN MANAGEMENT AS,Exclude,,,,
WLSI,WHALE LOGISTICS (SHANGHAI) COMPANY LIMITED,Exclude,,,,
WSSQ,WILHELMSEN PORT SERVICES INC,Exclude,,,,
WIPI,"WINNERS TRANS CO., LTD.",Exclude,,,,
WSUK,WINTER SHIPPING SERVICES LIMITED,Exclude,,,,
WIZG,WIZ LOGTEC SOLUTIONS SINGAPORE PTE LIMITED,Exclude,,,,
WGEI,WOODLAND GROUP EXPRESS INC,Exclude,,,,
WHOI,WOODS HOLE OCEANOGRAPHIC INSTITUTION,Exclude,,,,
WRHL,"WORLD RESIDENT HOLDINGS LTD, THE",Exclude,,,,
WOSH,WORLD SHIPPING INC,Exclude,,,,
WBLC,"WORLDBRIDGE LOGISTICS, INC.",Exclude,,,,
WWLL,WORLDWIDE LOGISTICS CO LTD,Exclude,,,,
WWOL,WORLDWIDE LOGISTICS LTD (WORLDWIDE OCEAN LINE WORLDWIDE LOGISTICS (USA)),Exclude,,,,
WOSJ,WORLD-WIND LOGISTICS,Exclude,,,,
YATI,YAMATO TRANSPORT USA INC,Exclude,,,,
YMJA,YANG MING (YANG MING JOINT SERVICE AGREEMENT),Exclude,,,,
YESL,YES LOGISTICS CORP,Exclude,,,,
YLCD,YOYO LOGIX CO LTD,Exclude,,,,
YASV,YUSEN LOGISTICS (AMERICAS) INC,Exclude,,,,
YUGL,YUSEN LOGISTICS CO LTD,Exclude,,,,
ZIFD,ZENITH INTERNATIONAL FREIGHT LTD,Exclude,,,,
ZLMA,ZEUS LINES MANAGEMENT S A,Exclude,,,,
ZVLG,ZHONGSHAN VANWELL LOGISTICS CO LTD,Exclude,,,,
ZIMU,ZIM INTEGRATED SHIPPING SERVICES LTD,Exclude,,,,
GIMI,Gulf Inland Marine Services Inc,always exclude,,,,
AMYW,Amistad Direct Delivery Services Llc,always exclude,,,,
ADRQ,Andrie Inc,always exclude,,,,
NEDF,Nippon Express Co Ltd,always exclude,,,,
MLTD,Mercury Launch & Tug Ltd,always exclude,,,,
CEPC,Chevron North America Exploration & Production Company,always exclude,,,,
TWNA,Tidewater Transportation Canada Inc,always exclude,,,,
ISSS,Inchcape Shipping Services,always exclude,,,,
AOCS,Ao Container Lines Inc,always exclude,,,,
MOBJ,Mobro Marine Inc,always exclude,,,,
SILJ,Seacor Island Lines,always exclude,,,,
RCGD,Robinsons Cargo & Logistics P.Ltd,always exclude,,,,
AQTY,Ata Freight Line Ltd,always exclude,,,,
COCL,Costa Cruise Lines Inc,always exclude,,,,
LLDL,Lotus Lines Limited,always exclude,,,,
AEZC,Agent Ex Llc,always exclude,,,,
OBLA,Onboard Logistics Usa Inc.,always exclude,,,,
YMPR,Yang Ming (Singapore) Pte Ltd,always exclude,,,,
DSXB,Dolphin Sea Air Services Corp,always exclude,,,,
AIGB,Air Tiger Logistics (Hk) Limited,always exclude,,,,
JTMO,Join The Moment Forwarding Corp,always exclude,,,,
DWCH,De Well Container Shipping Inc,always exclude,,,,
JAPA,Japan Tuna Fisheries Corporation,always exclude,,,,
RQCL,Rq Construction Llc,always exclude,,,,
TVLC,T.V.L. Container Line Limited.,always exclude,,,,
TUIC,Tui Cruises Gmbh,always exclude,,,,
ISTB,Island Tug And Barge Ltd,always exclude,,,,
QCSK,Qcs Quick Cargo Service Gmbh,always exclude,,,,
TECG,"Tech Cargo, Llc",always exclude,,,,
AWFD,All Ways Forwarding International Inc,always exclude,,,,
